latitude,longitude,brightness,scan,track,acq_date,acq_time,satellite,confidence,version,bright_t31,frp
11.734,-14.947,315.3,1.4,1.2,2017-05-07,02:55,A,91,6.0NRT,292.9,20.4
11.391,-14.536,312.6,1.5,1.2,2017-05-07,02:55,A,85,6.0NRT,292.1,19.5
35.722,44.047,327.8,2.9,1.6,2017-05-07,07:15,T,65,6.0NRT,304.6,72
35.721,44.04,327,2.9,1.6,2017-05-07,07:15,T,70,6.0NRT,304.3,70.1
35.666,43.971,320.2,2.9,1.6,2017-05-07,07:15,T,45,6.0NRT,304.3,37.6
31.832,5.971,322.3,1.5,1.2,2017-05-07,01:10,A,100,6.0NRT,294.8,35
31.664,6.043,304.7,1.4,1.2,2017-05-07,01:10,A,52,6.0NRT,294,9
31.662,6.058,336.4,1.4,1.2,2017-05-07,01:10,A,100,6.0NRT,296.2,64
31.593,5.949,304.8,1.5,1.2,2017-05-07,01:10,A,62,6.0NRT,292.5,12.1
31.591,5.965,315.6,1.5,1.2,2017-05-07,01:10,A,92,6.0NRT,292.8,25.9
31.398,6.942,300.1,1.3,1.1,2017-05-07,01:10,A,17,6.0NRT,282.2,6.8
31.192,6.789,307.3,1.3,1.1,2017-05-07,01:10,A,71,6.0NRT,291.5,11.8
31.014,8.165,306.5,1.1,1.1,2017-05-07,01:10,A,68,6.0NRT,293.8,9
28.638,9.79,301.6,1,1,2017-05-07,01:10,A,43,6.0NRT,291.1,5.7
28.689,7.2,306.1,1.2,1.1,2017-05-07,01:10,A,67,6.0NRT,294.4,8.6
28.622,7.714,305.2,1.1,1,2017-05-07,01:10,A,63,6.0NRT,293.7,6.5
27.766,9.198,308.4,1,1,2017-05-07,01:10,A,74,6.0NRT,292.1,9.2
26.578,12.218,303.1,1.2,1.1,2017-05-07,01:10,A,53,6.0NRT,292.4,7.8
16.833,42.035,313.1,2.3,1.5,2017-05-07,07:25,T,40,6.0NRT,296.2,19.6
16.127,39.455,312.1,3.5,1.8,2017-05-07,07:25,T,47,6.0NRT,292.6,42.8
15.989,40.301,310.3,3,1.7,2017-05-07,07:25,T,36,6.0NRT,293.9,28.5
15.943,40.028,310,3.2,1.7,2017-05-07,07:25,T,22,6.0NRT,293.7,28.4
15.94,40.057,310.2,3.2,1.7,2017-05-07,07:25,T,30,6.0NRT,292.8,28.5
15.477,42.409,310.2,2.1,1.4,2017-05-07,07:25,T,31,6.0NRT,296.6,14.7
15.486,40.354,310.2,3,1.6,2017-05-07,07:25,T,32,6.0NRT,295,29.3
3.936,47.306,316.5,1,1,2017-05-07,07:25,T,21,6.0NRT,298.4,9.9
2.346,44.791,319.2,1,1,2017-05-07,07:25,T,42,6.0NRT,298.6,8.9
2.201,44.014,319.5,1.1,1,2017-05-07,07:25,T,46,6.0NRT,298,12.1
1.308,43.825,323,1.1,1,2017-05-07,07:25,T,31,6.0NRT,300.3,11
33.051,51.499,317.3,1,1,2017-05-07,07:20,T,28,6.0NRT,301.8,5.3
32.702,51.15,310.7,1.1,1,2017-05-07,07:20,T,30,6.0NRT,293.9,3.7
32.701,51.162,310.8,1.1,1,2017-05-07,07:20,T,36,6.0NRT,294.4,3.8
32.635,51.312,312.5,1,1,2017-05-07,07:20,T,25,6.0NRT,295.2,3.6
32.628,51.366,312.7,1,1,2017-05-07,07:20,T,29,6.0NRT,295.6,4.2
32.626,51.31,313,1,1,2017-05-07,07:20,T,36,6.0NRT,295.1,4.1
32.578,51.457,311,1,1,2017-05-07,07:20,T,34,6.0NRT,294.6,4.2
32.493,47.217,328.5,1.6,1.3,2017-05-07,07:20,T,69,6.0NRT,312.3,14.5
32.494,47.211,328.7,1.6,1.3,2017-05-07,07:20,T,70,6.0NRT,312.3,14.3
32.353,47.696,328.2,1.5,1.2,2017-05-07,07:20,T,69,6.0NRT,310.6,11.9
32.351,47.712,339.2,1.5,1.2,2017-05-07,07:20,T,85,6.0NRT,311.3,40.3
32.349,47.705,338.9,1.5,1.2,2017-05-07,07:20,T,84,6.0NRT,311.4,38.6
31.784,48.631,330,1.3,1.1,2017-05-07,07:20,T,61,6.0NRT,310.1,15.9
31.778,48.686,327.5,1.3,1.1,2017-05-07,07:20,T,48,6.0NRT,309.8,12.4
31.787,48.625,327.7,1.3,1.1,2017-05-07,07:20,T,35,6.0NRT,310.4,12.8
31.674,47.434,336.8,1.5,1.2,2017-05-07,07:20,T,80,6.0NRT,307.8,42.8
31.769,46.067,332.2,1.9,1.3,2017-05-07,07:20,T,76,6.0NRT,307.4,44.3
31.517,47.939,331.3,1.4,1.2,2017-05-07,07:20,T,69,6.0NRT,310.3,19.1
31.407,48.652,332.3,1.3,1.1,2017-05-07,07:20,T,74,6.0NRT,313.3,14.1
31.434,48.334,327.1,1.3,1.2,2017-05-07,07:20,T,57,6.0NRT,308.7,11.7
31.433,48.348,329.3,1.3,1.1,2017-05-07,07:20,T,66,6.0NRT,309.3,16
31.311,48.774,332.3,1.3,1.1,2017-05-07,07:20,T,75,6.0NRT,312.8,12.9
31.219,48.953,346.1,1.2,1.1,2017-05-07,07:20,T,91,6.0NRT,313.5,41.3
31.209,48.951,357.6,1.2,1.1,2017-05-07,07:20,T,98,6.0NRT,315.7,75.8
31.086,47.615,335.3,1.5,1.2,2017-05-07,07:20,T,77,6.0NRT,309.3,25.7
31.03,47.282,368.6,1.5,1.2,2017-05-07,07:20,T,100,6.0NRT,312.3,170.6
31.028,47.298,334.4,1.5,1.2,2017-05-07,07:20,T,77,6.0NRT,310,24.8
31.019,47.28,332.2,1.5,1.2,2017-05-07,07:20,T,73,6.0NRT,311,21
31.029,47.276,351.3,1.5,1.2,2017-05-07,07:20,T,94,6.0NRT,311.2,84.3
31.027,47.292,347.1,1.5,1.2,2017-05-07,07:20,T,91,6.0NRT,311.1,67.1
30.887,47.33,331.1,1.5,1.2,2017-05-07,07:20,T,64,6.0NRT,308.9,20
30.748,47.664,326.9,1.4,1.2,2017-05-07,07:20,T,49,6.0NRT,306.7,14.7
30.763,47.323,341.3,1.5,1.2,2017-05-07,07:20,T,87,6.0NRT,309.9,47.3
30.762,47.339,332.3,1.5,1.2,2017-05-07,07:20,T,76,6.0NRT,309.5,22.5
30.406,49.825,325.7,1.1,1.1,2017-05-07,07:20,T,47,6.0NRT,308.9,6.6
30.684,47.321,332.2,1.5,1.2,2017-05-07,07:20,T,75,6.0NRT,308.3,25.4
30.682,47.336,335.1,1.5,1.2,2017-05-07,07:20,T,80,6.0NRT,309.7,33.1
30.614,47.321,346.9,1.5,1.2,2017-05-07,07:20,T,91,6.0NRT,309,67.3
30.613,47.337,344.3,1.5,1.2,2017-05-07,07:20,T,89,6.0NRT,309.5,58.1
30.602,47.335,327.4,1.5,1.2,2017-05-07,07:20,T,64,6.0NRT,308.2,12.3
30.558,47.329,333.3,1.5,1.2,2017-05-07,07:20,T,77,6.0NRT,309.1,23.1
30.567,47.324,330.2,1.5,1.2,2017-05-07,07:20,T,68,6.0NRT,309.3,15.6
30.422,47.607,329.3,1.4,1.2,2017-05-07,07:20,T,65,6.0NRT,308.5,16.3
30.274,47.729,328,1.4,1.2,2017-05-07,07:20,T,60,6.0NRT,308.1,11
28.494,49.706,314.5,1.1,1,2017-05-07,07:20,T,61,6.0NRT,292.9,11.8
28.492,49.717,336.4,1.1,1,2017-05-07,07:20,T,88,6.0NRT,293.1,40
27.053,49.556,339.4,1.1,1,2017-05-07,07:20,T,84,6.0NRT,301.1,27
27.035,49.553,349.8,1.1,1,2017-05-07,07:20,T,93,6.0NRT,306.7,46.2
27.033,49.563,335.3,1.1,1,2017-05-07,07:20,T,79,6.0NRT,304,18.1
27.029,49.595,335.1,1.1,1,2017-05-07,07:20,T,79,6.0NRT,305.9,19
27.027,49.606,330.1,1.1,1,2017-05-07,07:20,T,67,6.0NRT,307,11.9
27.03,49.519,327.6,1.1,1,2017-05-07,07:20,T,56,6.0NRT,305.1,7.2
-6.213,26.908,318.1,2.8,1.6,2017-05-07,09:05,T,55,6.0NRT,293.9,42.8
-6.216,26.933,314.3,2.8,1.6,2017-05-07,09:05,T,40,6.0NRT,293.4,28
-6.049,25.284,317.5,2.1,1.4,2017-05-07,09:05,T,52,6.0NRT,292.6,23.9
-6.052,25.203,318.1,2.1,1.4,2017-05-07,09:05,T,57,6.0NRT,292.1,21.6
-6.183,25.988,311.4,2.4,1.5,2017-05-07,09:05,T,60,6.0NRT,289.6,20.7
-6.411,27.498,315,3.2,1.7,2017-05-07,09:05,T,67,6.0NRT,290.7,42.1
-6.415,27.526,318.1,3.2,1.7,2017-05-07,09:05,T,72,6.0NRT,292.3,56.7
-6.174,25.331,317.6,2.1,1.4,2017-05-07,09:05,T,72,6.0NRT,297.5,23.6
-6.278,25.82,311.2,2.3,1.5,2017-05-07,09:05,T,60,6.0NRT,291.1,18.1
-6.27,25.377,319.4,2.1,1.4,2017-05-07,09:05,T,59,6.0NRT,299.1,25.5
-5.466,19.619,313.9,1,1,2017-05-07,09:05,T,49,6.0NRT,288.8,6.5
-6.237,24.753,315.2,1.9,1.3,2017-05-07,09:05,T,49,6.0NRT,294.5,17.3
-6.203,24.098,310.8,1.7,1.3,2017-05-07,09:05,T,46,6.0NRT,287.9,11.1
-5.558,18.567,319.3,1,1,2017-05-07,09:05,T,59,6.0NRT,294.5,10.3
-5.815,19.115,316.3,1,1,2017-05-07,09:05,T,25,6.0NRT,296.8,5.9
-5.846,19.14,314.1,1,1,2017-05-07,09:05,T,56,6.0NRT,290.6,5.6
-6.735,24.957,315.7,2,1.4,2017-05-07,09:05,T,70,6.0NRT,297.1,20.1
-6.684,24.096,316.2,1.7,1.3,2017-05-07,09:05,T,71,6.0NRT,296.2,15.1
-6.158,20.128,317.9,1,1,2017-05-07,09:05,T,54,6.0NRT,299.9,9.6
-6.159,20.137,316.4,1,1,2017-05-07,09:05,T,53,6.0NRT,298.1,7.8
-6.937,25.565,316.6,2.3,1.5,2017-05-07,09:05,T,54,6.0NRT,294.6,26.3
24.516,33.151,333.2,2.3,1.5,2017-05-07,09:00,T,61,6.0NRT,320.5,37.4
11.877,33.161,332,4.2,1.9,2017-05-07,09:00,T,59,6.0NRT,305.1,78.5
13.01,24.152,332.8,1,1,2017-05-07,09:00,T,62,6.0NRT,316,9.3
11.96,29.244,331.3,2.1,1.4,2017-05-07,09:00,T,61,6.0NRT,313.1,26.2
11.812,26.722,343.5,1.4,1.2,2017-05-07,09:00,T,85,6.0NRT,317.5,37.7
11.81,26.734,342.6,1.4,1.2,2017-05-07,09:00,T,84,6.0NRT,317.7,35.4
34.879,37.979,318.8,2.7,1.6,2017-05-07,08:55,T,60,6.0NRT,302.8,26.9
34.872,38.009,324.7,2.8,1.6,2017-05-07,08:55,T,73,6.0NRT,303.1,53.9
-6.993,25.91,319.1,2.4,1.5,2017-05-07,09:10,T,74,6.0NRT,293.4,37.8
-7.007,25.908,349.9,2.4,1.5,2017-05-07,09:10,T,95,6.0NRT,294.4,201.6
-6.07,18.539,316.6,1,1,2017-05-07,09:10,T,38,6.0NRT,296.5,7.4
-7.121,24.917,322,2,1.4,2017-05-07,09:10,T,73,6.0NRT,291.5,36.4
-7.123,24.935,324.5,2,1.4,2017-05-07,09:10,T,79,6.0NRT,292.5,43.9
-7.125,24.929,328.4,2,1.4,2017-05-07,09:10,T,83,6.0NRT,292.3,57.5
-7.303,25.574,312.8,2.3,1.5,2017-05-07,09:10,T,40,6.0NRT,289.5,18.8
-7.306,25.595,318.4,2.3,1.5,2017-05-07,09:10,T,64,6.0NRT,292.7,33.2
-7.303,25.589,322.1,2.3,1.5,2017-05-07,09:10,T,77,6.0NRT,292.9,49.2
-7.13,22.84,320.2,1.4,1.2,2017-05-07,09:10,T,76,6.0NRT,294.8,20
-7.605,24.817,321.5,2,1.4,2017-05-07,09:10,T,77,6.0NRT,284.7,41.9
-7.719,25.179,314.4,2.2,1.4,2017-05-07,09:10,T,59,6.0NRT,291.2,21.2
-8.443,27.176,316.7,3.2,1.7,2017-05-07,09:10,T,68,6.0NRT,288,63.5
-8.615,28.298,307.7,3.9,1.8,2017-05-07,09:10,T,48,6.0NRT,289.8,35.1
-8.149,24.191,316.2,1.8,1.3,2017-05-07,09:10,T,69,6.0NRT,289.5,21.2
-8.161,24.189,316.2,1.8,1.3,2017-05-07,09:10,T,69,6.0NRT,290,20.2
-8.207,24.442,311.2,1.9,1.4,2017-05-07,09:10,T,59,6.0NRT,291.6,12
-8.139,23.519,322.2,1.6,1.3,2017-05-07,09:10,T,77,6.0NRT,295.2,29.6
-8.141,23.533,317.4,1.6,1.3,2017-05-07,09:10,T,71,6.0NRT,291.6,20.2
-8.614,26.969,320.3,3.1,1.7,2017-05-07,09:10,T,74,6.0NRT,293.4,65.3
-8.453,25.013,311.2,2.2,1.4,2017-05-07,09:10,T,59,6.0NRT,294.5,13.5
-8.416,24.136,320.9,1.8,1.3,2017-05-07,09:10,T,76,6.0NRT,289.6,32.8
-8.418,24.153,338.9,1.9,1.3,2017-05-07,09:10,T,90,6.0NRT,294,89.2
-8.806,27.046,313.2,3.2,1.7,2017-05-07,09:10,T,58,6.0NRT,292.6,38.9
-8.135,21.847,313.6,1.3,1.1,2017-05-07,09:10,T,60,6.0NRT,290.8,11
-8.258,22.607,309,1.4,1.2,2017-05-07,09:10,T,54,6.0NRT,291.9,6.5
-7.454,16.91,311.9,1.1,1.1,2017-05-07,09:10,T,39,6.0NRT,287.8,6.7
-7.464,16.909,309.9,1.1,1.1,2017-05-07,09:10,T,33,6.0NRT,286,5.1
-7.586,17.294,310,1.1,1,2017-05-07,09:10,T,28,6.0NRT,284.2,6.8
-7.343,15.331,304.6,1.4,1.2,2017-05-07,09:10,T,53,6.0NRT,279.9,7.4
-8.722,24.881,319,2.1,1.4,2017-05-07,09:10,T,74,6.0NRT,294.3,30.5
-9.053,26.73,312.9,3,1.7,2017-05-07,09:10,T,36,6.0NRT,292.8,38.4
-9.149,25.84,316.2,2.6,1.5,2017-05-07,09:10,T,69,6.0NRT,294.3,28.5
-9.141,25.834,322.4,2.6,1.5,2017-05-07,09:10,T,78,6.0NRT,294.5,53.6
-8.115,17.983,310.2,1,1,2017-05-07,09:10,T,53,6.0NRT,289.5,6
-7.857,15.351,318.2,1.3,1.1,2017-05-07,09:10,T,76,6.0NRT,291.3,16.3
-9.036,23.382,316.5,1.7,1.3,2017-05-07,09:10,T,71,6.0NRT,291.8,18.8
-9.038,23.397,312.9,1.7,1.3,2017-05-07,09:10,T,51,6.0NRT,291.3,12.9
-9.047,23.381,313.9,1.7,1.3,2017-05-07,09:10,T,48,6.0NRT,291.2,14.2
-9.284,24.695,312.2,2.1,1.4,2017-05-07,09:10,T,49,6.0NRT,293.2,17.9
-8.275,17.516,316,1,1,2017-05-07,09:10,T,63,6.0NRT,298.1,8.9
-9.285,24.689,311.4,2.1,1.4,2017-05-07,09:10,T,64,6.0NRT,292.7,18.2
-9.287,24.708,312.7,2.1,1.4,2017-05-07,09:10,T,66,6.0NRT,293.8,21.6
-8.481,18.77,309.3,1,1,2017-05-07,09:10,T,61,6.0NRT,288.5,5.5
-9.142,23.06,310.4,1.6,1.2,2017-05-07,09:10,T,46,6.0NRT,293.1,9.1
-9.153,23.059,310.1,1.6,1.2,2017-05-07,09:10,T,39,6.0NRT,292.6,8.5
-8.948,21.388,323.9,1.2,1.1,2017-05-07,09:10,T,80,6.0NRT,287.5,24.9
-8.95,21.399,325.2,1.2,1.1,2017-05-07,09:10,T,81,6.0NRT,287.1,26.3
-8.953,21.421,308.2,1.2,1.1,2017-05-07,09:10,T,53,6.0NRT,286.4,6
-8.954,21.432,316.1,1.2,1.1,2017-05-07,09:10,T,71,6.0NRT,287.4,13.7
-8.589,18.509,306.9,1,1,2017-05-07,09:10,T,53,6.0NRT,284.1,4.3
-8.236,15.679,307.1,1.3,1.1,2017-05-07,09:10,T,41,6.0NRT,288.4,4
-8.965,20.582,319.1,1.1,1,2017-05-07,09:10,T,57,6.0NRT,301.9,11.4
-9.109,21.221,318.5,1.2,1.1,2017-05-07,09:10,T,71,6.0NRT,302.2,13
-9.437,22.96,309.6,1.6,1.2,2017-05-07,09:10,T,58,6.0NRT,293.5,8
-7.844,12.103,315.9,2.3,1.5,2017-05-07,09:10,T,65,6.0NRT,291.6,40.1
-7.847,12.124,314.1,2.3,1.5,2017-05-07,09:10,T,60,6.0NRT,292,34.7
-8.994,19.57,312.7,1,1,2017-05-07,09:10,T,66,6.0NRT,286.3,8.8
-8.995,19.579,306.5,1,1,2017-05-07,09:10,T,46,6.0NRT,286.7,4.2
-9.621,22.966,309.7,1.6,1.2,2017-05-07,09:10,T,37,6.0NRT,295.1,7.3
-9.632,22.965,313.4,1.6,1.2,2017-05-07,09:10,T,67,6.0NRT,295.3,12.6
-9.149,19.31,312.3,1,1,2017-05-07,09:10,T,66,6.0NRT,288.9,7.2
-8.904,17.594,311.3,1,1,2017-05-07,09:10,T,68,6.0NRT,292.3,5.8
-9.308,20.231,308.9,1.1,1,2017-05-07,09:10,T,51,6.0NRT,293.1,5
-9.457,20.667,331.1,1.1,1.1,2017-05-07,09:10,T,85,6.0NRT,296.2,27.6
-9.458,20.677,338.7,1.1,1.1,2017-05-07,09:10,T,90,6.0NRT,297.4,41.5
-9.462,20.671,339,1.1,1.1,2017-05-07,09:10,T,90,6.0NRT,297.9,42.5
-9.463,20.681,321.9,1.1,1.1,2017-05-07,09:10,T,74,6.0NRT,296.8,16
-8.707,15.546,311.3,1.3,1.1,2017-05-07,09:10,T,66,6.0NRT,289.4,10
-8.717,15.545,309.5,1.3,1.1,2017-05-07,09:10,T,61,6.0NRT,288.5,8.3
-9.028,17.373,318.9,1,1,2017-05-07,09:10,T,77,6.0NRT,288,13.9
-9.02,17.2,317.7,1.1,1,2017-05-07,09:10,T,75,6.0NRT,292.9,10.9
-9.029,17.199,312.7,1.1,1,2017-05-07,09:10,T,61,6.0NRT,292.6,6.3
-9.07,17.35,307.1,1,1,2017-05-07,09:10,T,53,6.0NRT,287.3,3.6
-9.071,17.36,306.8,1,1,2017-05-07,09:10,T,52,6.0NRT,286.6,3.6
-9.266,18.23,311,1,1,2017-05-07,09:10,T,55,6.0NRT,290.6,4.9
-9.594,20.302,322.8,1.1,1,2017-05-07,09:10,T,78,6.0NRT,297.2,17.1
-9.191,17.479,311.5,1,1,2017-05-07,09:10,T,62,6.0NRT,291.5,4.9
-9.192,17.488,327.1,1,1,2017-05-07,09:10,T,83,6.0NRT,293.1,20.2
-9.632,20.297,317.1,1.1,1,2017-05-07,09:10,T,69,6.0NRT,298.7,9.4
-9.228,17.416,335.7,1,1,2017-05-07,09:10,T,89,6.0NRT,291.3,32
-9.229,17.425,314.9,1,1,2017-05-07,09:10,T,26,6.0NRT,290.8,7.2
-9.237,17.415,328.5,1,1,2017-05-07,09:10,T,84,6.0NRT,290.6,21.5
-9.246,17.413,319.3,1,1,2017-05-07,09:10,T,76,6.0NRT,289.2,11.5
-9.811,21.129,317,1.2,1.1,2017-05-07,09:10,T,70,6.0NRT,296.2,13.8
-9.33,17.546,312.7,1,1,2017-05-07,09:10,T,27,6.0NRT,292.9,5.2
-9.474,17.707,308.6,1,1,2017-05-07,09:10,T,34,6.0NRT,290.1,4.1
-9.483,17.706,312.1,1,1,2017-05-07,09:10,T,65,6.0NRT,289.9,6.7
-9.554,17.566,309.8,1,1,2017-05-07,09:10,T,59,6.0NRT,293,4.8
-9.556,17.576,311.8,1,1,2017-05-07,09:10,T,64,6.0NRT,292.9,6.3
-9.643,17.791,319.5,1,1,2017-05-07,09:10,T,70,6.0NRT,299.1,8.5
-9.697,17.72,314.6,1,1,2017-05-07,09:10,T,68,6.0NRT,292.8,6.6
-9.698,17.73,320.3,1,1,2017-05-07,09:10,T,76,6.0NRT,294.7,11.4
-9.838,18.167,317.8,1,1,2017-05-07,09:10,T,73,6.0NRT,298.1,10.3
-9.968,18.363,313.5,1,1,2017-05-07,09:10,T,67,6.0NRT,298.1,6.7
11.5,26.807,351,1.4,1.2,2017-05-07,09:05,T,93,6.0NRT,319.2,60.4
11.498,26.819,342.1,1.4,1.2,2017-05-07,09:05,T,83,6.0NRT,319.2,31.5
11.299,26.463,336.3,1.3,1.1,2017-05-07,09:05,T,73,6.0NRT,317.6,16.3
9.565,27.666,319.9,1.7,1.3,2017-05-07,09:05,T,0,6.0NRT,274.5,20.8
9.213,22.29,327.9,1,1,2017-05-07,09:05,T,70,6.0NRT,301.4,9.3
7.589,28.952,330.8,2.4,1.5,2017-05-07,09:05,T,69,6.0NRT,305.1,44.5
8.985,19.372,325.7,1.3,1.1,2017-05-07,09:05,T,61,6.0NRT,301.2,8.7
8.984,19.384,328.3,1.3,1.1,2017-05-07,09:05,T,71,6.0NRT,301.5,13.7
-4.505,25.198,314.7,1.9,1.4,2017-05-07,09:05,T,39,6.0NRT,291.5,18.6
-4.755,26.594,315,2.5,1.5,2017-05-07,09:05,T,71,6.0NRT,290.4,31.4
-4.762,26.588,314.1,2.5,1.5,2017-05-07,09:05,T,44,6.0NRT,290.2,26.5
-4.982,27.129,313.2,2.8,1.6,2017-05-07,09:05,T,37,6.0NRT,291.1,31.1
-4.979,26.235,308.9,2.4,1.5,2017-05-07,09:05,T,50,6.0NRT,285.5,14.9
-5.019,26.159,310.4,2.3,1.5,2017-05-07,09:05,T,62,6.0NRT,287.4,17.8
-5.221,27.313,312.3,2.9,1.6,2017-05-07,09:05,T,33,6.0NRT,291,34.8
-5.371,27.996,315.7,3.3,1.7,2017-05-07,09:05,T,67,6.0NRT,288.3,61.8
-3.812,16.247,309.3,1.3,1.1,2017-05-07,09:05,T,37,6.0NRT,290.2,7.9
-5.361,26.088,322.7,2.3,1.5,2017-05-07,09:05,T,79,6.0NRT,293.7,43.7
-5.444,25.925,306.7,2.3,1.5,2017-05-07,09:05,T,16,6.0NRT,280.4,15.4
-5.884,27.963,313.7,3.4,1.7,2017-05-07,09:05,T,29,6.0NRT,289,35.4
-5.879,27.958,314.1,3.4,1.7,2017-05-07,09:05,T,48,6.0NRT,288.9,39.6
-5.906,27.804,314.5,3.3,1.7,2017-05-07,09:05,T,63,6.0NRT,291.8,45.5
-5.636,25.603,331.4,2.2,1.4,2017-05-07,09:05,T,85,6.0NRT,292.1,74.1
-5.638,25.622,322.4,2.2,1.4,2017-05-07,09:05,T,78,6.0NRT,292.2,41.1
-6.009,28.097,321.7,3.5,1.8,2017-05-07,09:05,T,65,6.0NRT,291.1,77.8
-5.635,25.596,318.5,2.2,1.4,2017-05-07,09:05,T,48,6.0NRT,290.9,28.8
-5.637,25.616,326.3,2.2,1.4,2017-05-07,09:05,T,81,6.0NRT,292.9,52.4
-6.003,28.091,317.8,3.5,1.8,2017-05-07,09:05,T,42,6.0NRT,291.9,60.3
-5.947,25.4,322.6,2.1,1.4,2017-05-07,09:05,T,59,6.0NRT,300.4,33.5
-9.068,17.337,311.6,2.6,1.5,2017-05-07,12:00,A,36,6.0NRT,277.1,27.5
-8.593,20.81,309.7,1.4,1.2,2017-05-07,12:00,A,36,6.0NRT,289.5,7.6
-9.031,17.404,318.5,2.5,1.5,2017-05-07,12:00,A,20,6.0NRT,280.2,43.5
15.063,35.873,336.9,3,1.6,2017-05-07,10:30,A,49,6.0NRT,313.1,40.6
21.105,39.329,334.2,1.3,1.1,2017-05-07,10:30,A,85,6.0NRT,313.3,13.3
21.115,39.327,334,1.3,1.1,2017-05-07,10:30,A,81,6.0NRT,313.5,12.4
29.987,50.745,330.7,3.4,1.7,2017-05-07,10:30,A,75,6.0NRT,307.3,60.9
29.995,50.74,329.4,3.4,1.7,2017-05-07,10:30,A,73,6.0NRT,306.9,54.5
30.611,47.336,336.4,2,1.4,2017-05-07,10:30,A,77,6.0NRT,310.8,44.8
30.609,47.315,344.2,2,1.4,2017-05-07,10:30,A,87,6.0NRT,311,81
30.687,47.322,338.7,2,1.4,2017-05-07,10:30,A,78,6.0NRT,311,60.9
30.766,47.327,334.1,2,1.4,2017-05-07,10:30,A,75,6.0NRT,310.9,30.4
30.881,47.329,332,2.1,1.4,2017-05-07,10:30,A,54,6.0NRT,309.8,26.3
31.02,47.278,352.3,2,1.4,2017-05-07,10:30,A,95,6.0NRT,310.8,132.2
32.348,47.697,336.4,2.3,1.5,2017-05-07,10:30,A,79,6.0NRT,312.5,42.5
35.215,44.249,325,1.5,1.2,2017-05-07,10:35,A,56,6.0NRT,311.1,13.8
35.213,44.233,324.5,1.5,1.2,2017-05-07,10:35,A,48,6.0NRT,311.3,11.9
35.623,44.008,342.8,1.5,1.2,2017-05-07,10:35,A,89,6.0NRT,311.7,58
35.719,44.051,328.3,1.5,1.2,2017-05-07,10:35,A,67,6.0NRT,312.7,14.5
35.717,44.035,340.9,1.5,1.2,2017-05-07,10:35,A,87,6.0NRT,312.1,48.9
0.879,40.917,314.2,2.2,1.4,2017-05-07,10:25,A,18,6.0NRT,291.7,22.3
5.586,36.164,316.7,4.3,1.9,2017-05-07,10:25,A,21,6.0NRT,295.4,61.5
5.254,-3.911,321,1,1,2017-05-07,10:45,T,24,6.0NRT,297.6,10.2
4.587,-3.138,311.7,1,1,2017-05-07,10:45,T,50,6.0NRT,289.8,6.2
14.823,-4.382,336.6,1.3,1.1,2017-05-07,10:40,T,73,6.0NRT,318.1,17.5
14.821,-4.37,342.3,1.3,1.1,2017-05-07,10:40,T,83,6.0NRT,318.6,31.3
14.819,-4.358,350.9,1.3,1.1,2017-05-07,10:40,T,93,6.0NRT,318.4,55.2
14.812,-4.383,339.1,1.3,1.1,2017-05-07,10:40,T,78,6.0NRT,316.9,21.3
14.811,-4.371,337.3,1.3,1.1,2017-05-07,10:40,T,74,6.0NRT,316.3,17.2
14.441,-4.119,340.5,1.2,1.1,2017-05-07,10:40,T,81,6.0NRT,317.9,19.4
14.439,-4.108,341.6,1.2,1.1,2017-05-07,10:40,T,82,6.0NRT,318.2,22.9
14.439,-4.114,344.8,1.2,1.1,2017-05-07,10:40,T,86,6.0NRT,318.3,31.9
14.325,-4.171,341.4,1.2,1.1,2017-05-07,10:40,T,82,6.0NRT,318.7,22.9
14.313,-4.161,338.3,1.2,1.1,2017-05-07,10:40,T,77,6.0NRT,317,16.4
14.284,-4.628,337.7,1.3,1.1,2017-05-07,10:40,T,75,6.0NRT,316.4,16.6
14.283,-4.616,338.3,1.3,1.1,2017-05-07,10:40,T,77,6.0NRT,316.7,18.6
13.832,-4.598,337,1.3,1.1,2017-05-07,10:40,T,59,6.0NRT,314.7,14.2
13.527,-6.198,337.8,1.7,1.3,2017-05-07,10:40,T,66,6.0NRT,308.1,40.7
13.527,-6.189,332.7,1.7,1.3,2017-05-07,10:40,T,0,6.0NRT,307.5,24.7
13.049,-2.797,331.8,1.1,1,2017-05-07,10:40,T,63,6.0NRT,306.6,9.9
13.197,-9.191,329.2,2.8,1.6,2017-05-07,10:40,T,64,6.0NRT,303.3,40.1
11.433,-0.652,331.1,1,1,2017-05-07,10:40,T,76,6.0NRT,303.7,11
11.578,-12.128,315.4,4.5,1.9,2017-05-07,10:40,T,46,6.0NRT,287.5,53.6
36.571,2.851,318.1,1,1,2017-05-07,10:35,T,57,6.0NRT,305.2,5.4
35.077,6.451,323.5,1.1,1.1,2017-05-07,10:35,T,64,6.0NRT,309.8,10.1
-9.906,26.973,321.5,1.1,1.1,2017-05-07,12:00,A,76,6.0NRT,299.3,13.7
-9.908,26.963,315.6,1.1,1.1,2017-05-07,12:00,A,67,6.0NRT,298.7,7.7
-9.776,27.297,317,1.2,1.1,2017-05-07,12:00,A,27,6.0NRT,298,11
-9.858,26.744,371.3,1.1,1,2017-05-07,12:00,A,100,6.0NRT,303.2,129.5
-9.86,26.734,390.7,1.1,1,2017-05-07,12:00,A,100,6.0NRT,305,224
-9.849,26.743,334.1,1.1,1,2017-05-07,12:00,A,87,6.0NRT,300.6,29.5
-9.85,26.733,362.4,1.1,1,2017-05-07,12:00,A,100,6.0NRT,300.8,98
-9.667,27.274,332.7,1.2,1.1,2017-05-07,12:00,A,86,6.0NRT,300.3,30
-9.669,27.263,321.5,1.2,1.1,2017-05-07,12:00,A,54,6.0NRT,302.2,13.7
-9.657,27.272,317.6,1.2,1.1,2017-05-07,12:00,A,43,6.0NRT,298.5,9.2
-9.9,24.038,310.6,1,1,2017-05-07,12:00,A,56,6.0NRT,294.7,5.4
-9.843,24.31,315.3,1,1,2017-05-07,12:00,A,68,6.0NRT,296.4,8.7
-9.869,23.798,312.6,1,1,2017-05-07,12:00,A,62,6.0NRT,298.6,5.5
-9.854,23.238,316.9,1.1,1,2017-05-07,12:00,A,62,6.0NRT,297.5,10.4
-9.855,23.229,327.9,1.1,1,2017-05-07,12:00,A,82,6.0NRT,295.8,23.2
-9.394,25.702,322.3,1,1,2017-05-07,12:00,A,27,6.0NRT,300.2,12.7
-9.645,23.945,310.5,1,1,2017-05-07,12:00,A,50,6.0NRT,296.2,4.8
-9.857,22.44,310.6,1.2,1.1,2017-05-07,12:00,A,49,6.0NRT,293.8,7.2
-9.552,23.766,318.2,1,1,2017-05-07,12:00,A,71,6.0NRT,296.7,11.1
-9.553,23.756,312.5,1,1,2017-05-07,12:00,A,60,6.0NRT,297.3,6
-9.057,26.858,321.6,1.1,1.1,2017-05-07,12:00,A,47,6.0NRT,300.1,13.8
-9.621,22.928,317.8,1.1,1,2017-05-07,12:00,A,71,6.0NRT,298.3,10.8
-9.628,22.879,317.1,1.1,1,2017-05-07,12:00,A,48,6.0NRT,298.9,10.3
-9.035,26.837,322.7,1.1,1.1,2017-05-07,12:00,A,74,6.0NRT,304.5,14.2
-9.036,26.827,321.5,1.1,1.1,2017-05-07,12:00,A,70,6.0NRT,300.9,13.5
-9.556,23.073,313.8,1.1,1,2017-05-07,12:00,A,62,6.0NRT,297.6,7.9
-9.154,25.834,320.5,1,1,2017-05-07,12:00,A,53,6.0NRT,301.4,8.2
-9.136,25.831,333,1,1,2017-05-07,12:00,A,85,6.0NRT,302.2,23.6
-9.137,25.822,335.4,1,1,2017-05-07,12:00,A,87,6.0NRT,300.8,27.8
-9.291,24.697,316,1,1,2017-05-07,12:00,A,67,6.0NRT,298.8,7.7
-8.95,26.95,331.7,1.1,1.1,2017-05-07,12:00,A,85,6.0NRT,301.9,29
-8.952,26.94,323.2,1.1,1.1,2017-05-07,12:00,A,61,6.0NRT,303.3,16.4
-9.324,24.398,322.3,1,1,2017-05-07,12:00,A,76,6.0NRT,297,14.3
-9.283,24.622,310.9,1,1,2017-05-07,12:00,A,52,6.0NRT,297.7,4.4
-8.891,27.128,327.4,1.2,1.1,2017-05-07,12:00,A,81,6.0NRT,299.4,24.5
-9.251,24.4,320.4,1,1,2017-05-07,12:00,A,74,6.0NRT,297,12.8
-9.833,20.017,311.1,1.6,1.3,2017-05-07,12:00,A,58,6.0NRT,295.3,9.6
-9.841,19.957,309.7,1.7,1.3,2017-05-07,12:00,A,58,6.0NRT,292.2,10.2
-9.79,20.176,308.6,1.6,1.2,2017-05-07,12:00,A,37,6.0NRT,288.5,8
-9.79,20.169,308.6,1.6,1.2,2017-05-07,12:00,A,28,6.0NRT,290.8,8.8
-8.614,28.287,314.6,1.4,1.2,2017-05-07,12:00,A,60,6.0NRT,292.3,11.8
-8.616,28.274,320.7,1.4,1.2,2017-05-07,12:00,A,75,6.0NRT,293.9,20.9
-9.341,23.295,320,1.1,1,2017-05-07,12:00,A,15,6.0NRT,296.4,11
-9.402,22.858,313.5,1.1,1,2017-05-07,12:00,A,62,6.0NRT,296.7,8
-8.605,28.272,318.6,1.4,1.2,2017-05-07,12:00,A,58,6.0NRT,292.4,17.4
-9.332,23.294,329.4,1.1,1,2017-05-07,12:00,A,70,6.0NRT,298.7,21.6
-9.323,23.293,324.5,1.1,1,2017-05-07,12:00,A,74,6.0NRT,300.3,16.4
-9.324,23.283,324.2,1.1,1,2017-05-07,12:00,A,77,6.0NRT,297.6,15.8
-8.748,27.132,312.5,1.2,1.1,2017-05-07,12:00,A,25,6.0NRT,296.9,8.9
-9.294,23.366,313.9,1,1,2017-05-07,12:00,A,49,6.0NRT,295.1,8.6
-9.423,22.428,308.9,1.1,1.1,2017-05-07,12:00,A,24,6.0NRT,293.4,5.4
-8.719,27.259,318.2,1.2,1.1,2017-05-07,12:00,A,37,6.0NRT,299.8,11.6
-9.274,23.44,315.1,1,1,2017-05-07,12:00,A,68,6.0NRT,294.7,9.7
-9.305,23.222,329.8,1.1,1,2017-05-07,12:00,A,84,6.0NRT,299.1,24.7
-9.306,23.212,330.6,1.1,1,2017-05-07,12:00,A,84,6.0NRT,298,25.8
-9.297,23.211,325.8,1.1,1,2017-05-07,12:00,A,81,6.0NRT,298.3,19
-9.625,20.718,324.9,1.5,1.2,2017-05-07,12:00,A,70,6.0NRT,292.7,30.9
-9.592,20.714,352.4,1.5,1.2,2017-05-07,12:00,A,91,6.0NRT,296.9,108.2
-9.594,20.7,339.9,1.5,1.2,2017-05-07,12:00,A,85,6.0NRT,299.2,67.3
-9.135,23.589,314.4,1,1,2017-05-07,12:00,A,35,6.0NRT,299,6.5
-9.13,23.56,325.7,1,1,2017-05-07,12:00,A,77,6.0NRT,298.5,17.2
-9.258,22.642,313.1,1.1,1.1,2017-05-07,12:00,A,62,6.0NRT,293.1,7.7
-9.847,18.148,316,2.3,1.5,2017-05-07,12:00,A,69,6.0NRT,294.7,29.9
-9.114,23.539,325.8,1,1,2017-05-07,12:00,A,80,6.0NRT,294.2,17.4
-9.834,18.146,313.8,2.3,1.5,2017-05-07,12:00,A,42,6.0NRT,294.5,22.5
-8.935,24.675,312.2,1,1,2017-05-07,12:00,A,39,6.0NRT,295.4,6.1
-8.966,24.459,308.6,1,1,2017-05-07,12:00,A,12,6.0NRT,293,4.1
-9.097,23.527,314.1,1,1,2017-05-07,12:00,A,42,6.0NRT,298.6,6.1
-9.099,23.517,320.4,1,1,2017-05-07,12:00,A,75,6.0NRT,299.3,12
-9.463,20.662,311.3,1.5,1.2,2017-05-07,12:00,A,28,6.0NRT,294.4,10.2
-8.905,24.69,322.2,1,1,2017-05-07,12:00,A,76,6.0NRT,295.3,14.2
-9.965,16.471,312.1,3.1,1.7,2017-05-07,12:00,A,27,6.0NRT,292.6,33.3
-8.694,26.092,326.6,1.1,1,2017-05-07,12:00,A,61,6.0NRT,300.6,16.7
-8.696,26.083,320.1,1.1,1,2017-05-07,12:00,A,55,6.0NRT,300.7,8.8
-8.751,25.572,335.2,1,1,2017-05-07,12:00,A,87,6.0NRT,300.7,30.5
-8.752,25.562,316.3,1,1,2017-05-07,12:00,A,66,6.0NRT,299,7.8
-8.474,27.392,319,1.2,1.1,2017-05-07,12:00,A,71,6.0NRT,300.3,14.3
-8.475,27.38,316.4,1.2,1.1,2017-05-07,12:00,A,61,6.0NRT,299.8,10.8
-9.058,23.353,318.7,1,1,2017-05-07,12:00,A,64,6.0NRT,295.1,11.6
-9.967,16.467,314.3,3.1,1.7,2017-05-07,12:00,A,68,6.0NRT,293,46.7
-9.036,23.378,324.8,1,1,2017-05-07,12:00,A,79,6.0NRT,298.7,16.8
-8.612,26.139,326.9,1.1,1,2017-05-07,12:00,A,70,6.0NRT,302.2,15.7
-9.726,17.732,320.7,2.5,1.5,2017-05-07,12:00,A,75,6.0NRT,296.4,37.9
-8.775,24.888,325.3,1,1,2017-05-07,12:00,A,67,6.0NRT,301.5,16
-8.89,23.955,323.1,1,1,2017-05-07,12:00,A,77,6.0NRT,293.2,15.1
-9.669,18.006,311.6,2.3,1.5,2017-05-07,12:00,A,58,6.0NRT,288.8,27.2
-8.734,24.855,320.9,1,1,2017-05-07,12:00,A,68,6.0NRT,299.1,11.7
-9.689,17.743,321.6,2.5,1.5,2017-05-07,12:00,A,70,6.0NRT,293.2,41.6
-9.691,17.72,326.8,2.5,1.5,2017-05-07,12:00,A,81,6.0NRT,294,64.3
-8.994,22.877,322.8,1.1,1,2017-05-07,12:00,A,78,6.0NRT,299.6,17.7
-8.996,22.867,322.5,1.1,1,2017-05-07,12:00,A,78,6.0NRT,298,17.6
-8.705,24.869,319.1,1,1,2017-05-07,12:00,A,71,6.0NRT,297.3,10.5
-8.706,24.86,316.3,1,1,2017-05-07,12:00,A,59,6.0NRT,295.3,7.6
-9.661,17.625,321.8,2.5,1.5,2017-05-07,12:00,A,79,6.0NRT,289.6,53.4
-8.826,23.955,311.4,1,1,2017-05-07,12:00,A,47,6.0NRT,295.5,6.5
-8.632,25.12,332.3,1,1,2017-05-07,12:00,A,85,6.0NRT,297.7,23.8
-9.314,20.221,311.5,1.6,1.2,2017-05-07,12:00,A,55,6.0NRT,291.2,11.9
-9.655,17.62,314.8,2.5,1.5,2017-05-07,12:00,A,62,6.0NRT,290.4,29.3
-8.452,26.231,324.4,1.1,1,2017-05-07,12:00,A,77,6.0NRT,304.6,15.3
-8.629,25.018,321.6,1,1,2017-05-07,12:00,A,69,6.0NRT,298.9,12.2
-8.736,24.269,320.2,1,1,2017-05-07,12:00,A,74,6.0NRT,300.4,10.9
-8.443,26.23,342.7,1.1,1,2017-05-07,12:00,A,91,6.0NRT,301.4,42.3
-8.444,26.22,343.2,1.1,1,2017-05-07,12:00,A,92,6.0NRT,301.5,42.9
-8.884,22.829,341.7,1.1,1,2017-05-07,12:00,A,91,6.0NRT,301.3,46.7
-8.885,22.819,327.9,1.1,1,2017-05-07,12:00,A,82,6.0NRT,295.2,23.5
-9.579,17.39,311.9,2.6,1.6,2017-05-07,12:00,A,66,6.0NRT,290.9,21.7
-8.242,26.828,315.2,1.2,1.1,2017-05-07,12:00,A,63,6.0NRT,298.9,8.7
-9.486,17.682,310,2.5,1.5,2017-05-07,12:00,A,62,6.0NRT,289.2,20.9
-8.359,25.915,320.7,1.1,1,2017-05-07,12:00,A,42,6.0NRT,296.9,10
-8.452,25.283,316,1,1,2017-05-07,12:00,A,51,6.0NRT,297.2,8.1
-9.098,20.575,314.9,1.5,1.2,2017-05-07,12:00,A,34,6.0NRT,298.5,11
-9.1,20.562,315.1,1.5,1.2,2017-05-07,12:00,A,42,6.0NRT,295.5,12.9
-8.324,26.11,325.7,1.1,1,2017-05-07,12:00,A,78,6.0NRT,305.3,15
-9.095,20.569,337.6,1.5,1.2,2017-05-07,12:00,A,89,6.0NRT,298.8,58.5
-9.477,17.699,309.8,2.5,1.5,2017-05-07,12:00,A,42,6.0NRT,287.1,19.5
-9.533,17.259,318,2.7,1.6,2017-05-07,12:00,A,58,6.0NRT,292.1,45.4
-8.655,23.669,321.6,1,1,2017-05-07,12:00,A,69,6.0NRT,297.1,14.1
-8.657,23.66,316.9,1,1,2017-05-07,12:00,A,37,6.0NRT,296,10.1
-8.956,21.431,321.3,1.3,1.1,2017-05-07,12:00,A,70,6.0NRT,299.1,19.9
-8.958,21.42,331.1,1.3,1.1,2017-05-07,12:00,A,85,6.0NRT,299.2,36.3
-8.231,26.285,334.9,1.1,1,2017-05-07,12:00,A,76,6.0NRT,305.9,24.7
-8.161,26.694,317.8,1.1,1.1,2017-05-07,12:00,A,67,6.0NRT,299.5,9.4
-9.004,20.677,316.1,1.4,1.2,2017-05-07,12:00,A,71,6.0NRT,293.7,14.9
-9.407,17.482,337.8,2.5,1.5,2017-05-07,12:00,A,85,6.0NRT,284.9,132.4
-8.64,23.316,317.3,1,1,2017-05-07,12:00,A,67,6.0NRT,298.2,11.1
-8.641,23.307,310.5,1,1,2017-05-07,12:00,A,30,6.0NRT,295.6,5.5
-8.808,21.916,307.4,1.2,1.1,2017-05-07,12:00,A,32,6.0NRT,290.2,3.5
-9.397,17.497,320.3,2.5,1.5,2017-05-07,12:00,A,60,6.0NRT,289.2,44.2
-9.353,17.515,324.5,2.5,1.5,2017-05-07,12:00,A,81,6.0NRT,291.5,57.9
-9.356,17.492,373.6,2.5,1.5,2017-05-07,12:00,A,100,6.0NRT,293.6,473.2
-8.116,26.504,321.2,1.1,1.1,2017-05-07,12:00,A,36,6.0NRT,303.6,8.8
-8.117,26.494,327.8,1.1,1.1,2017-05-07,12:00,A,80,6.0NRT,303.6,17.8
-8.345,24.939,315.5,1,1,2017-05-07,12:00,A,0,6.0NRT,297.1,6.7
-9.342,17.49,337.8,2.5,1.5,2017-05-07,12:00,A,90,6.0NRT,293.8,124.1
-8.385,24.595,336.3,1,1,2017-05-07,12:00,A,88,6.0NRT,300.2,31.7
-9.328,17.488,325.7,2.5,1.5,2017-05-07,12:00,A,72,6.0NRT,289.8,63.9
-8.421,24.214,319.8,1,1,2017-05-07,12:00,A,74,6.0NRT,297.6,10.4
-8.423,24.205,322.1,1,1,2017-05-07,12:00,A,76,6.0NRT,298.3,13.4
-8.482,23.787,315.5,1,1,2017-05-07,12:00,A,69,6.0NRT,293.8,8.7
-8.483,23.778,318.6,1,1,2017-05-07,12:00,A,73,6.0NRT,294,11.5
-8.541,23.309,314.4,1,1,2017-05-07,12:00,A,67,6.0NRT,293.6,8
-9.336,17.485,325.5,2.5,1.5,2017-05-07,12:00,A,56,6.0NRT,292.4,61.2
-8.287,24.897,315,1,1,2017-05-07,12:00,A,63,6.0NRT,296.5,7.9
-8.384,24.221,327,1,1,2017-05-07,12:00,A,82,6.0NRT,297,18.4
-8.214,25.341,319.5,1,1,2017-05-07,12:00,A,57,6.0NRT,303.1,10.1
-8.277,24.711,316.3,1,1,2017-05-07,12:00,A,22,6.0NRT,290.7,10.1
-8.279,24.702,341.4,1,1,2017-05-07,12:00,A,91,6.0NRT,295.9,40.9
-8.342,24.261,327.8,1,1,2017-05-07,12:00,A,71,6.0NRT,298.5,20.1
-9.234,17.401,324.9,2.6,1.5,2017-05-07,12:00,A,82,6.0NRT,292.1,66.7
-9.237,17.378,317.9,2.6,1.5,2017-05-07,12:00,A,62,6.0NRT,289.1,41.7
-8.805,20.717,323.2,1.4,1.2,2017-05-07,12:00,A,60,6.0NRT,298.6,23.3
-8.807,20.704,340.1,1.4,1.2,2017-05-07,12:00,A,91,6.0NRT,302.3,60.1
-8.809,20.691,331.6,1.4,1.2,2017-05-07,12:00,A,82,6.0NRT,298.4,37.9
-8.813,20.698,327.1,1.4,1.2,2017-05-07,12:00,A,64,6.0NRT,299,28.5
-8.8,20.709,330.9,1.4,1.2,2017-05-07,12:00,A,81,6.0NRT,299.5,39
-8.802,20.696,338.3,1.4,1.2,2017-05-07,12:00,A,88,6.0NRT,300.2,55.8
-9.242,17.395,315.6,2.6,1.5,2017-05-07,12:00,A,56,6.0NRT,291,31.4
-9.228,17.393,325.9,2.6,1.5,2017-05-07,12:00,A,83,6.0NRT,292.6,72.6
-9.206,17.462,311.1,2.5,1.5,2017-05-07,12:00,A,41,6.0NRT,286.6,19.4
-9.134,17.476,307.4,2.5,1.5,2017-05-07,12:00,A,60,6.0NRT,283.5,12.9
-9.137,17.453,310.2,2.5,1.5,2017-05-07,12:00,A,66,6.0NRT,282.7,20.9
-8.155,24.788,326.9,1,1,2017-05-07,12:00,A,79,6.0NRT,294.9,19.8
-9.128,17.47,310.5,2.5,1.5,2017-05-07,12:00,A,67,6.0NRT,284.5,21.5
-9.131,17.448,307.2,2.5,1.5,2017-05-07,12:00,A,60,6.0NRT,283.3,13.7
-8.048,25.277,312,1,1,2017-05-07,12:00,A,45,6.0NRT,292.7,6
-8.05,25.267,311.4,1,1,2017-05-07,12:00,A,42,6.0NRT,290.6,5.8
-8.706,20.571,316.3,1.4,1.2,2017-05-07,12:00,A,73,6.0NRT,293.2,15.4
-8.708,20.558,314.3,1.5,1.2,2017-05-07,12:00,A,70,6.0NRT,294.2,12.4
-8.583,21.248,313.6,1.3,1.1,2017-05-07,12:00,A,46,6.0NRT,295.1,11.1
-9.065,17.415,322.7,2.5,1.5,2017-05-07,12:00,A,58,6.0NRT,284.1,59.1
-9.074,17.345,328.3,2.6,1.5,2017-05-07,12:00,A,85,6.0NRT,280.8,92.1
-8.016,25.051,312.2,1,1,2017-05-07,12:00,A,50,6.0NRT,293.9,5.9
-8.893,18.273,310,2.2,1.4,2017-05-07,12:00,A,63,6.0NRT,284,22.2
-7.345,29.064,312.1,1.6,1.3,2017-05-07,12:00,A,61,6.0NRT,293.7,9.5
-8.211,23.224,337,1,1,2017-05-07,12:00,A,67,6.0NRT,294.3,35.2
-8.476,21.286,320.6,1.3,1.1,2017-05-07,12:00,A,63,6.0NRT,293.4,18.8
-7.332,29.001,312.3,1.6,1.3,2017-05-07,12:00,A,56,6.0NRT,296.1,10.3
-8.046,24.202,310.6,1,1,2017-05-07,12:00,A,0,6.0NRT,285.7,9.6
-8.144,23.512,328,1,1,2017-05-07,12:00,A,74,6.0NRT,296.1,20.5
-8.199,23.062,314.5,1.1,1,2017-05-07,12:00,A,56,6.0NRT,297.3,7.9
-8.056,24.001,316.3,1,1,2017-05-07,12:00,A,63,6.0NRT,289.5,13
-8.125,23.186,314.4,1,1,2017-05-07,12:00,A,46,6.0NRT,297.4,9.5
-8.023,23.784,311.7,1,1,2017-05-07,12:00,A,38,6.0NRT,294,5.8
-4.827,26.393,312.3,2.4,1.5,2017-05-07,09:05,T,42,6.0NRT,290.5,19.5
-8.024,23.775,314.1,1,1,2017-05-07,12:00,A,64,6.0NRT,297.1,7.5
-7.9,24.578,316.3,1,1,2017-05-07,12:00,A,52,6.0NRT,293.7,9
-7.968,24.102,330,1,1,2017-05-07,12:00,A,63,6.0NRT,298.3,22.6
-7.959,24.1,336.1,1,1,2017-05-07,12:00,A,88,6.0NRT,298.8,31
-8.865,17.276,309.5,2.6,1.5,2017-05-07,12:00,A,60,6.0NRT,276.8,22.9
-8.214,21.938,310.6,1.2,1.1,2017-05-07,12:00,A,40,6.0NRT,292,7
-7.727,25.266,333.6,1,1,2017-05-07,12:00,A,81,6.0NRT,296.9,30.3
-8.707,17.99,317,2.3,1.5,2017-05-07,12:00,A,75,6.0NRT,285.7,34.6
-7.718,25.265,356,1,1,2017-05-07,12:00,A,98,6.0NRT,294.2,73.5
-7.719,25.256,344.2,1,1,2017-05-07,12:00,A,87,6.0NRT,293.3,47.6
-8.707,18.006,313.9,2.3,1.5,2017-05-07,12:00,A,67,6.0NRT,285.8,25.3
-8.71,17.986,314.2,2.3,1.5,2017-05-07,12:00,A,72,6.0NRT,284.9,27.3
-7.779,24.592,317.5,1,1,2017-05-07,12:00,A,41,6.0NRT,298.7,7.1
-7.784,24.491,328,1,1,2017-05-07,12:00,A,81,6.0NRT,301.4,17.2
-7.81,24.312,318.8,1,1,2017-05-07,12:00,A,71,6.0NRT,297.6,9.7
6.673,-8.424,322,1.7,1.3,2017-05-07,13:45,A,25,6.0NRT,292,22.8
6.712,-8.477,313.7,1.7,1.3,2017-05-07,13:45,A,62,6.0NRT,292.5,14.3
6.742,-8.357,314.3,1.7,1.3,2017-05-07,13:45,A,56,6.0NRT,292,12.7
6.488,-10.003,333.1,2.3,1.5,2017-05-07,13:45,A,81,6.0NRT,287.7,91.5
6.631,-9.245,322.4,2,1.4,2017-05-07,13:45,A,76,6.0NRT,291.9,41.4
6.485,-10.008,339.1,2.3,1.5,2017-05-07,13:45,A,90,6.0NRT,289.3,122.4
6.624,-9.231,310.6,2,1.4,2017-05-07,13:45,A,54,6.0NRT,291.9,12.9
6.621,-9.248,315.4,2,1.4,2017-05-07,13:45,A,67,6.0NRT,292.1,23.6
6.556,-9.813,314.7,2.2,1.4,2017-05-07,13:45,A,66,6.0NRT,290.3,23.3
6.572,-9.795,333.7,2.2,1.4,2017-05-07,13:45,A,86,6.0NRT,290.6,86.4
6.777,-8.572,321.7,1.8,1.3,2017-05-07,13:45,A,75,6.0NRT,291.3,32.1
-6.417,28.218,320.2,1.5,1.2,2017-05-07,12:00,A,74,6.0NRT,299.6,19.7
-7.312,21.964,316.3,1.1,1.1,2017-05-07,12:00,A,69,6.0NRT,298,8.7
-6.391,28.173,314.4,1.5,1.2,2017-05-07,12:00,A,44,6.0NRT,298,9.9
-7.069,23.569,315.8,1,1,2017-05-07,12:00,A,57,6.0NRT,298.8,5.8
-6.232,28.916,316.2,1.7,1.3,2017-05-07,12:00,A,46,6.0NRT,298.6,15.9
-7.843,17.221,323,2.5,1.5,2017-05-07,12:00,A,80,6.0NRT,287.7,60
-6.168,29.031,311.3,1.7,1.3,2017-05-07,12:00,A,24,6.0NRT,295,10.7
-6.269,28.23,319,1.5,1.2,2017-05-07,12:00,A,66,6.0NRT,298.3,15
-6.266,28.223,321.2,1.5,1.2,2017-05-07,12:00,A,46,6.0NRT,299,17.6
-6.742,24.888,315.5,1,1,2017-05-07,12:00,A,39,6.0NRT,298.1,7
-6.743,24.879,324.4,1,1,2017-05-07,12:00,A,77,6.0NRT,300.4,15.8
-7.716,17.705,320.8,2.3,1.5,2017-05-07,12:00,A,78,6.0NRT,283.5,49.4
-7.507,19.003,327.2,1.8,1.3,2017-05-07,12:00,A,83,6.0NRT,285.2,55.7
-6.152,28.386,322.1,1.5,1.2,2017-05-07,12:00,A,76,6.0NRT,297.1,23.1
-6.692,24.788,321.6,1,1,2017-05-07,12:00,A,58,6.0NRT,298,12.9
-6.152,28.38,325.3,1.5,1.2,2017-05-07,12:00,A,79,6.0NRT,297.2,28.2
-6.519,25.864,318.4,1.1,1,2017-05-07,12:00,A,45,6.0NRT,300.3,9.9
-6.434,26.319,316.1,1.1,1.1,2017-05-07,12:00,A,56,6.0NRT,297.6,8
-6.826,23.339,343.7,1,1,2017-05-07,12:00,A,92,6.0NRT,298.3,41.9
-6.134,27.983,334.2,1.4,1.2,2017-05-07,12:00,A,86,6.0NRT,299.3,47
-7.689,16.78,319.5,2.7,1.6,2017-05-07,12:00,A,77,6.0NRT,294.6,45.3
-6.087,28.115,316.1,1.5,1.2,2017-05-07,12:00,A,41,6.0NRT,297.8,8.6
-7.685,16.772,319.5,2.7,1.6,2017-05-07,12:00,A,77,6.0NRT,294.8,44.5
-6.048,28.301,326.3,1.5,1.2,2017-05-07,12:00,A,79,6.0NRT,297,30.1
-6.241,27.002,317.1,1.2,1.1,2017-05-07,12:00,A,66,6.0NRT,291.9,12.7
-6.517,24.982,314.2,1,1,2017-05-07,12:00,A,29,6.0NRT,294.9,4.8
-6.518,24.973,328.8,1,1,2017-05-07,12:00,A,82,6.0NRT,298.5,20.7
-6.025,28.161,321.2,1.5,1.2,2017-05-07,12:00,A,51,6.0NRT,296,17.8
-6.213,26.919,325.3,1.2,1.1,2017-05-07,12:00,A,0,6.0NRT,300.1,16.5
-5.898,28.911,315,1.7,1.3,2017-05-07,12:00,A,56,6.0NRT,296.9,13.2
-5.983,28.361,325.9,1.5,1.2,2017-05-07,12:00,A,79,6.0NRT,295.1,30.5
-6.205,26.906,331.3,1.2,1.1,2017-05-07,12:00,A,82,6.0NRT,300.3,25.4
-5.896,28.849,321,1.7,1.3,2017-05-07,12:00,A,44,6.0NRT,297.8,19.1
-5.972,28.36,332.4,1.5,1.2,2017-05-07,12:00,A,85,6.0NRT,297.2,45.5
-6.006,28.144,332,1.5,1.2,2017-05-07,12:00,A,82,6.0NRT,299,35.5
-6.008,28.131,327.3,1.5,1.2,2017-05-07,12:00,A,60,6.0NRT,298.2,23.5
-5.98,28.235,326.2,1.5,1.2,2017-05-07,12:00,A,79,6.0NRT,297,28
-5.999,28.116,321.2,1.5,1.2,2017-05-07,12:00,A,27,6.0NRT,299,13.2
-5.89,28.904,316,1.7,1.3,2017-05-07,12:00,A,58,6.0NRT,297,14.3
-5.957,28.452,318.5,1.6,1.2,2017-05-07,12:00,A,59,6.0NRT,299.7,14.8
-5.99,28.232,319.2,1.5,1.2,2017-05-07,12:00,A,53,6.0NRT,296.5,14.7
-6.004,28.138,328.3,1.5,1.2,2017-05-07,12:00,A,81,6.0NRT,298.9,28.5
-5.888,28.842,322.5,1.7,1.3,2017-05-07,12:00,A,71,6.0NRT,300.5,23.5
-5.997,28.11,321.7,1.5,1.2,2017-05-07,12:00,A,67,6.0NRT,299.6,14.9
-5.798,28.967,310.9,1.7,1.3,2017-05-07,12:00,A,40,6.0NRT,293,8.7
-5.893,28.356,313.4,1.5,1.2,2017-05-07,12:00,A,51,6.0NRT,295.2,8.5
-5.932,28.1,321.9,1.5,1.2,2017-05-07,12:00,A,74,6.0NRT,300,16.6
-5.972,27.7,320.5,1.4,1.2,2017-05-07,12:00,A,72,6.0NRT,298.6,14.7
-7.729,14.709,305.5,4,1.9,2017-05-07,12:00,A,27,6.0NRT,285.7,23.6
-5.976,27.694,318.4,1.4,1.2,2017-05-07,12:00,A,30,6.0NRT,298,10.4
-5.91,27.996,341,1.5,1.2,2017-05-07,12:00,A,90,6.0NRT,300.8,59
-5.935,27.829,325.7,1.4,1.2,2017-05-07,12:00,A,79,6.0NRT,300.4,22.3
-5.937,27.816,321.6,1.4,1.2,2017-05-07,12:00,A,56,6.0NRT,298.8,15.5
-5.875,28.084,318,1.5,1.2,2017-05-07,12:00,A,61,6.0NRT,300.4,10.4
-5.877,28.071,322.2,1.5,1.2,2017-05-07,12:00,A,70,6.0NRT,300.6,16.8
-6.021,27.106,324.5,1.3,1.1,2017-05-07,12:00,A,77,6.0NRT,296.1,19.3
-5.862,28.096,325.3,1.5,1.2,2017-05-07,12:00,A,74,6.0NRT,301.4,23.4
-6.591,23.043,318,1,1,2017-05-07,12:00,A,69,6.0NRT,296.7,9.3
-5.716,28.9,325.9,1.7,1.3,2017-05-07,12:00,A,79,6.0NRT,296.7,36.3
-5.888,27.783,319.7,1.4,1.2,2017-05-07,12:00,A,38,6.0NRT,295.9,15.1
-5.715,28.692,314.4,1.6,1.3,2017-05-07,12:00,A,50,6.0NRT,295.6,14.1
-6.167,25.493,322.7,1.1,1,2017-05-07,12:00,A,62,6.0NRT,301.4,13
-7.355,16.884,318,2.6,1.6,2017-05-07,12:00,A,74,6.0NRT,290,37.3
-7.358,16.861,320,2.7,1.6,2017-05-07,12:00,A,77,6.0NRT,289,43.1
-7.38,16.69,323.8,2.7,1.6,2017-05-07,12:00,A,80,6.0NRT,289.2,60.1
-7.383,16.665,322.6,2.8,1.6,2017-05-07,12:00,A,79,6.0NRT,290.8,58.2
-7.534,15.364,310.9,3.5,1.8,2017-05-07,12:00,A,65,6.0NRT,282.5,49.8
-5.711,28.415,322.2,1.6,1.2,2017-05-07,12:00,A,76,6.0NRT,298.1,24.3
-5.626,28.819,320.4,1.7,1.3,2017-05-07,12:00,A,61,6.0NRT,299.8,19.4
-5.618,28.719,326.4,1.7,1.3,2017-05-07,12:00,A,74,6.0NRT,297.8,30.4
-5.62,28.704,328.8,1.7,1.3,2017-05-07,12:00,A,81,6.0NRT,298.1,38.2
-5.607,28.717,327.3,1.7,1.3,2017-05-07,12:00,A,74,6.0NRT,296.4,33.3
-6.076,25.482,326.6,1.1,1,2017-05-07,12:00,A,80,6.0NRT,296.9,19.3
-6.078,25.473,323.8,1.1,1,2017-05-07,12:00,A,73,6.0NRT,297.1,16.3
-7.289,16.571,313.4,2.8,1.6,2017-05-07,12:00,A,26,6.0NRT,290.2,32
-5.541,28.92,317.3,1.7,1.3,2017-05-07,12:00,A,68,6.0NRT,294.7,21.4
-7.275,16.569,322.1,2.8,1.6,2017-05-07,12:00,A,79,6.0NRT,291.3,69.2
-5.539,28.565,314.2,1.6,1.3,2017-05-07,12:00,A,55,6.0NRT,296.5,15.3
-5.71,27.35,325.2,1.3,1.1,2017-05-07,12:00,A,79,6.0NRT,294.8,26
-5.712,27.338,315,1.3,1.1,2017-05-07,12:00,A,64,6.0NRT,294.3,10.6
-5.48,28.723,321.5,1.7,1.3,2017-05-07,12:00,A,71,6.0NRT,294,26
-5.925,25.699,323.5,1.1,1,2017-05-07,12:00,A,57,6.0NRT,291.3,15.4
-7.103,16.711,311.8,2.7,1.6,2017-05-07,12:00,A,66,6.0NRT,291.2,29.1
-5.526,27.742,322.3,1.4,1.2,2017-05-07,12:00,A,70,6.0NRT,295.1,22.6
-5.695,26.275,317.8,1.2,1.1,2017-05-07,12:00,A,52,6.0NRT,292.4,10.4
-5.696,26.264,331.3,1.2,1.1,2017-05-07,12:00,A,84,6.0NRT,294.1,28.5
-6.173,22.886,313.1,1,1,2017-05-07,12:00,A,45,6.0NRT,294,5.2
-5.291,28.835,315.3,1.7,1.3,2017-05-07,12:00,A,45,6.0NRT,296.5,15.7
-5.293,28.821,325.9,1.7,1.3,2017-05-07,12:00,A,80,6.0NRT,297.2,38.6
-5.316,28.595,320.3,1.6,1.3,2017-05-07,12:00,A,51,6.0NRT,297.7,19.7
-5.844,25.057,325.3,1,1,2017-05-07,12:00,A,28,6.0NRT,296.8,13.1
-5.845,25.048,328.7,1,1,2017-05-07,12:00,A,70,6.0NRT,298.2,16.6
-5.436,27.399,313.6,1.4,1.2,2017-05-07,12:00,A,54,6.0NRT,292.3,9.7
-6.106,22.766,313.8,1,1,2017-05-07,12:00,A,66,6.0NRT,289.1,8.5
-5.228,28.261,320.6,1.6,1.2,2017-05-07,12:00,A,76,6.0NRT,297,20.8
-5.627,25.473,333.5,1.1,1,2017-05-07,12:00,A,86,6.0NRT,299.5,26.2
-6.51,19.03,318.8,1.7,1.3,2017-05-07,12:00,A,41,6.0NRT,298.1,15.5
-6.512,19.014,324.1,1.7,1.3,2017-05-07,12:00,A,77,6.0NRT,297.5,29.6
-6.499,19.028,320.2,1.7,1.3,2017-05-07,12:00,A,49,6.0NRT,297.3,17.6
-6.467,19.087,318.9,1.7,1.3,2017-05-07,12:00,A,73,6.0NRT,299.1,14.1
-5.821,23.671,314.5,1,1,2017-05-07,12:00,A,54,6.0NRT,293.3,6.7
-6.47,19.08,320.6,1.7,1.3,2017-05-07,12:00,A,74,6.0NRT,298.8,16.8
-5.585,24.556,326.9,1,1,2017-05-07,12:00,A,82,6.0NRT,282.6,18.5
-5.586,24.547,319.4,1,1,2017-05-07,12:00,A,75,6.0NRT,283.2,10.4
-6.354,18.916,323.9,1.8,1.3,2017-05-07,12:00,A,80,6.0NRT,294.6,38.1
-5.38,25.711,320,1.1,1,2017-05-07,12:00,A,50,6.0NRT,299,9.1
-5.382,25.701,318.6,1.1,1,2017-05-07,12:00,A,47,6.0NRT,297.9,6.9
-5.039,27.241,323.9,1.3,1.1,2017-05-07,12:00,A,54,6.0NRT,296.4,17.3
-5.005,27.397,317.1,1.4,1.2,2017-05-07,12:00,A,69,6.0NRT,296.6,10.9
-5.031,27.228,321.7,1.3,1.1,2017-05-07,12:00,A,25,6.0NRT,296.9,13
-5.827,18.84,318.9,1.8,1.3,2017-05-07,12:00,A,68,6.0NRT,296.8,17.1
-4.741,26.372,320.6,1.2,1.1,2017-05-07,12:00,A,75,6.0NRT,289.8,16.2
-4.831,25.754,346.9,1.1,1.1,2017-05-07,12:00,A,94,6.0NRT,291.1,59
-4.833,25.744,323.8,1.1,1.1,2017-05-07,12:00,A,79,6.0NRT,290.3,19.3
-5.896,18.061,313,2,1.4,2017-05-07,12:00,A,62,6.0NRT,279,24
-4.921,24.629,311,1,1,2017-05-07,12:00,A,54,6.0NRT,272.6,7.1
-4.728,25.896,320.5,1.1,1.1,2017-05-07,12:00,A,75,6.0NRT,294.6,12.6
-5.659,19.314,328.1,1.6,1.2,2017-05-07,12:00,A,77,6.0NRT,296.2,36.9
-4.593,26.542,313.8,1.2,1.1,2017-05-07,12:00,A,0,6.0NRT,288.9,10.8
-4.397,27.742,323.1,1.5,1.2,2017-05-07,12:00,A,53,6.0NRT,295.6,20.3
-5.389,19.537,325,1.5,1.2,2017-05-07,12:00,A,71,6.0NRT,294,28.4
-4.557,25.438,310.2,1.1,1,2017-05-07,12:00,A,55,6.0NRT,284.9,7
-5.386,19.546,313.7,1.5,1.2,2017-05-07,12:00,A,37,6.0NRT,293.3,7.2
-5.388,19.532,320.9,1.5,1.2,2017-05-07,12:00,A,76,6.0NRT,292.5,20.5
-4.525,25.463,312.5,1.1,1,2017-05-07,12:00,A,62,6.0NRT,285.1,8.7
-4.365,26.49,316.7,1.2,1.1,2017-05-07,12:00,A,70,6.0NRT,293.5,11.5
-4.521,25.423,309.1,1.1,1,2017-05-07,12:00,A,41,6.0NRT,279.4,5.6
-4.479,25.273,351,1.1,1,2017-05-07,12:00,A,96,6.0NRT,282.7,67.3
-4.48,25.263,324.3,1.1,1,2017-05-07,12:00,A,79,6.0NRT,280.2,20.4
-4.326,25.792,317.6,1.1,1.1,2017-05-07,12:00,A,66,6.0NRT,291.1,10.5
-4.328,25.782,324.3,1.1,1.1,2017-05-07,12:00,A,80,6.0NRT,290.6,18.9
-4.323,25.785,325.4,1.1,1.1,2017-05-07,12:00,A,81,6.0NRT,290.7,21.6
-4.46,24.7,323.3,1,1,2017-05-07,12:00,A,0,6.0NRT,271.2,20
-5.4,17.769,317.9,2.1,1.4,2017-05-07,12:00,A,45,6.0NRT,295.3,23.1
-5.354,17.725,322.7,2.1,1.4,2017-05-07,12:00,A,73,6.0NRT,294.2,41
-5.353,17.718,322.4,2.1,1.4,2017-05-07,12:00,A,77,6.0NRT,294.5,43.6
14.81,35.826,342.2,3,1.7,2017-05-07,10:30,A,84,6.0NRT,314.1,98.9
14.805,35.798,337.3,3.1,1.7,2017-05-07,10:30,A,77,6.0NRT,312.9,59.9
14.809,35.821,342.8,3,1.7,2017-05-07,10:30,A,84,6.0NRT,314,104.5
-5.01,27.392,315.1,1.4,1.2,2017-05-07,12:00,A,66,6.0NRT,296.3,7.9
-5.033,27.235,324.2,1.3,1.1,2017-05-07,12:00,A,64,6.0NRT,296.9,17.9
-4.993,27.156,323.8,1.3,1.1,2017-05-07,12:00,A,29,6.0NRT,295.5,18.7
-4.998,27.121,335.9,1.3,1.1,2017-05-07,12:00,A,88,6.0NRT,296.5,39.5
-4.999,27.109,325.4,1.3,1.1,2017-05-07,12:00,A,28,6.0NRT,296.2,20.7
-4.988,27.119,346.2,1.3,1.1,2017-05-07,12:00,A,88,6.0NRT,294.6,67
-4.989,27.108,336.8,1.3,1.1,2017-05-07,12:00,A,65,6.0NRT,287.8,44.8
-5.281,25.128,327.2,1,1,2017-05-07,12:00,A,61,6.0NRT,300,15
-6.031,19.434,316.4,1.6,1.2,2017-05-07,12:00,A,60,6.0NRT,293.7,16.1
-6.264,17.646,313.4,2.2,1.4,2017-05-07,12:00,A,66,6.0NRT,290.5,21.8
-6.266,17.626,328.9,2.2,1.4,2017-05-07,12:00,A,84,6.0NRT,291.5,71.9
-4.675,28.652,323.6,1.7,1.3,2017-05-07,12:00,A,76,6.0NRT,300.6,24.1
-4.745,28.185,320.6,1.6,1.2,2017-05-07,12:00,A,19,6.0NRT,296.1,16.9
-5.978,19.412,331.1,1.6,1.2,2017-05-07,12:00,A,85,6.0NRT,297.1,44.8
-6.23,17.498,310.4,2.3,1.5,2017-05-07,12:00,A,33,6.0NRT,285.4,18.8
-5.92,19.414,320.6,1.6,1.2,2017-05-07,12:00,A,70,6.0NRT,298.3,19.4
-5.862,19.592,323.4,1.5,1.2,2017-05-07,12:00,A,78,6.0NRT,297.6,23.4
-5.864,19.578,350.3,1.6,1.2,2017-05-07,12:00,A,95,6.0NRT,296.7,101.7
-4.918,26.216,327.7,1.2,1.1,2017-05-07,12:00,A,82,6.0NRT,292.4,20.9
-4.92,26.206,317.8,1.2,1.1,2017-05-07,12:00,A,44,6.0NRT,293.3,8.5
-4.921,26.195,318.7,1.2,1.1,2017-05-07,12:00,A,66,6.0NRT,292.4,10.9
-5.108,24.603,324.8,1,1,2017-05-07,12:00,A,73,6.0NRT,293.8,17
-5.666,20.593,316.1,1.3,1.1,2017-05-07,12:00,A,50,6.0NRT,295.9,11.6
-4.574,28.105,315.5,1.6,1.2,2017-05-07,12:00,A,69,6.0NRT,295.7,12.3
-4.576,28.091,319.5,1.6,1.2,2017-05-07,12:00,A,74,6.0NRT,297,19
-4.816,26.28,316.9,1.2,1.1,2017-05-07,12:00,A,41,6.0NRT,293.4,10.6
-5.865,18.704,325.9,1.8,1.3,2017-05-07,12:00,A,80,6.0NRT,296.4,37.8
-5.867,18.688,319.3,1.8,1.3,2017-05-07,12:00,A,70,6.0NRT,296,21.4
-4.742,26.571,325,1.2,1.1,2017-05-07,12:00,A,71,6.0NRT,290.1,21.1
-4.743,26.56,319.5,1.2,1.1,2017-05-07,12:00,A,45,6.0NRT,288,13.5
-6.049,17.31,310.3,2.3,1.5,2017-05-07,12:00,A,25,6.0NRT,287.6,18.3
-5.119,23.892,314.9,1,1,2017-05-07,12:00,A,65,6.0NRT,281.9,9.7
-9.944,27.08,331.6,1.1,1.1,2017-05-07,12:00,A,85,6.0NRT,296.2,28.2
-9.95,26.939,318.4,1.1,1.1,2017-05-07,12:00,A,56,6.0NRT,298.7,11.3
-9.875,27.179,317.8,1.2,1.1,2017-05-07,12:00,A,72,6.0NRT,294.8,10.4
8.714,28.968,325.4,3,1.6,2017-05-07,12:05,A,36,6.0NRT,295,46.2
7.76,20.253,309.5,1,1,2017-05-07,12:05,A,53,6.0NRT,276.4,4.8
8.291,19.668,320.4,1,1,2017-05-07,12:05,A,63,6.0NRT,290.6,6.7
8.29,19.659,320.7,1,1,2017-05-07,12:05,A,64,6.0NRT,290.8,7
10.301,23.097,355.6,1.2,1.1,2017-05-07,12:05,A,96,6.0NRT,311.9,63.6
10.299,23.086,339.2,1.2,1.1,2017-05-07,12:05,A,74,6.0NRT,310.6,22
10.31,23.096,351.4,1.2,1.1,2017-05-07,12:05,A,93,6.0NRT,310.2,52
10.309,23.085,338.3,1.2,1.1,2017-05-07,12:05,A,68,6.0NRT,308.7,21.3
9.7,18.597,343.8,1.1,1.1,2017-05-07,12:05,A,87,6.0NRT,309.5,25.8
9.698,18.587,348.7,1.1,1.1,2017-05-07,12:05,A,91,6.0NRT,311.2,37.4
9.708,16.688,349.7,1.4,1.2,2017-05-07,12:05,A,92,6.0NRT,309,59.1
9.861,16.105,332.4,1.6,1.2,2017-05-07,12:05,A,66,6.0NRT,305.4,15.8
11.851,23.49,342.5,1.3,1.1,2017-05-07,12:05,A,83,6.0NRT,318.9,32.3
12.109,23.521,337.5,1.3,1.1,2017-05-07,12:05,A,75,6.0NRT,315.9,24.9
11.918,21.141,344.9,1,1,2017-05-07,12:05,A,86,6.0NRT,315.9,25.3
11.917,21.132,349.2,1,1,2017-05-07,12:05,A,91,6.0NRT,316.3,34.1
33.039,-7.776,376.5,1.1,1,2017-05-07,13:50,A,100,6.0NRT,317.2,132.8
33.037,-7.788,363.9,1.1,1,2017-05-07,13:50,A,100,6.0NRT,320.6,86.6
33.036,-7.799,340.1,1.1,1,2017-05-07,13:50,A,83,6.0NRT,317.8,27.9
33.046,-7.789,377.2,1.1,1,2017-05-07,13:50,A,100,6.0NRT,318.3,136.3
33.045,-7.801,382.4,1.1,1,2017-05-07,13:50,A,100,6.0NRT,319.4,159.5
5.254,-3.911,321.8,1,1,2017-05-07,13:45,A,27,6.0NRT,297.2,6.3
5.253,-3.921,322.1,1,1,2017-05-07,13:45,A,0,6.0NRT,296.9,6.7
5.388,-8.117,320.7,1.7,1.3,2017-05-07,13:45,A,69,6.0NRT,281.8,34.8
6.18,-3.24,328.2,1,1,2017-05-07,13:45,A,78,6.0NRT,291.8,20.5
6.189,-3.241,312,1,1,2017-05-07,13:45,A,0,6.0NRT,289.4,5.3
5.802,-7.813,315,1.6,1.2,2017-05-07,13:45,A,19,6.0NRT,290.4,16.9
5.88,-7.98,318,1.6,1.3,2017-05-07,13:45,A,74,6.0NRT,289.9,21.7
5.813,-9.19,315.4,2,1.4,2017-05-07,13:45,A,70,6.0NRT,290.4,25.8
5.806,-9.177,309.7,2,1.4,2017-05-07,13:45,A,55,6.0NRT,290.6,13.7
5.803,-9.195,311.3,2,1.4,2017-05-07,13:45,A,61,6.0NRT,290.2,16.8
6.011,-8.179,314.7,1.7,1.3,2017-05-07,13:45,A,55,6.0NRT,292.4,13.8
6.933,-1.947,319.4,1.1,1,2017-05-07,13:45,A,66,6.0NRT,294.4,9.8
6.033,-8.183,336.9,1.7,1.3,2017-05-07,13:45,A,89,6.0NRT,292.7,66.2
6.031,-8.198,342.1,1.7,1.3,2017-05-07,13:45,A,92,6.0NRT,293.1,85.7
6.045,-8.185,319.4,1.7,1.3,2017-05-07,13:45,A,74,6.0NRT,292.6,21.7
6.045,-8.174,318.1,1.7,1.3,2017-05-07,13:45,A,60,6.0NRT,291.9,17.4
6.042,-8.189,327.7,1.7,1.3,2017-05-07,13:45,A,82,6.0NRT,293.1,40.4
5.863,-9.635,319.9,2.2,1.4,2017-05-07,13:45,A,75,6.0NRT,290.8,36.5
5.86,-9.655,317.3,2.2,1.4,2017-05-07,13:45,A,71,6.0NRT,291.1,27.9
6.122,-8.049,311.7,1.6,1.3,2017-05-07,13:45,A,56,6.0NRT,292.3,11.4
5.944,-9.204,315.7,2,1.4,2017-05-07,13:45,A,69,6.0NRT,290.8,25.8
5.902,-9.641,315.8,2.2,1.4,2017-05-07,13:45,A,69,6.0NRT,289.4,24.2
5.899,-9.661,317.8,2.2,1.4,2017-05-07,13:45,A,72,6.0NRT,290.5,30.2
5.912,-9.744,314.5,2.2,1.5,2017-05-07,13:45,A,67,6.0NRT,290.9,23.8
5.901,-9.648,316.5,2.2,1.4,2017-05-07,13:45,A,47,6.0NRT,289.9,23.7
5.911,-9.751,311.1,2.2,1.5,2017-05-07,13:45,A,58,6.0NRT,290.9,16.9
5.943,-9.635,311.4,2.2,1.4,2017-05-07,13:45,A,59,6.0NRT,289.8,14.6
5.939,-9.654,313.5,2.2,1.4,2017-05-07,13:45,A,65,6.0NRT,289.9,19.7
6.066,-9.174,311.1,2,1.4,2017-05-07,13:45,A,58,6.0NRT,291,16.7
6.265,-8.019,311.1,1.6,1.3,2017-05-07,13:45,A,57,6.0NRT,291.9,9.1
6.212,-8.352,310.5,1.7,1.3,2017-05-07,13:45,A,52,6.0NRT,290.4,11
6.409,-7.52,314.6,1.5,1.2,2017-05-07,13:45,A,50,6.0NRT,293,10.6
6.126,-9.376,323.4,2.1,1.4,2017-05-07,13:45,A,78,6.0NRT,291.1,44.7
6.123,-9.394,317.5,2.1,1.4,2017-05-07,13:45,A,71,6.0NRT,290.7,28.2
6.128,-9.383,327.8,2.1,1.4,2017-05-07,13:45,A,80,6.0NRT,291.2,56.7
6.33,-8.192,313.5,1.7,1.3,2017-05-07,13:45,A,52,6.0NRT,293.6,12.3
6.256,-9.053,320.4,2,1.4,2017-05-07,13:45,A,74,6.0NRT,291.4,34
6.164,-9.641,313.6,2.2,1.4,2017-05-07,13:45,A,60,6.0NRT,288.9,21.9
6.221,-9.36,318.7,2.1,1.4,2017-05-07,13:45,A,72,6.0NRT,291.6,33.4
6.218,-9.378,327.8,2.1,1.4,2017-05-07,13:45,A,82,6.0NRT,290.9,62
6.177,-9.643,313.4,2.2,1.4,2017-05-07,13:45,A,50,6.0NRT,289.1,20.6
6.176,-9.826,330.1,2.3,1.5,2017-05-07,13:45,A,73,6.0NRT,289,75.8
6.222,-9.365,320.1,2.1,1.4,2017-05-07,13:45,A,74,6.0NRT,291.4,35.6
6.219,-9.383,315.8,2.1,1.4,2017-05-07,13:45,A,67,6.0NRT,290.4,24.9
6.176,-9.648,315.5,2.2,1.4,2017-05-07,13:45,A,38,6.0NRT,288.9,24.1
6.179,-9.709,311.2,2.2,1.4,2017-05-07,13:45,A,26,6.0NRT,289.6,15.4
6.176,-9.81,320.6,2.2,1.5,2017-05-07,13:45,A,74,6.0NRT,289.4,44.6
6.173,-9.83,327,2.3,1.5,2017-05-07,13:45,A,77,6.0NRT,289.8,67.2
6.339,-8.948,318.3,1.9,1.3,2017-05-07,13:45,A,30,6.0NRT,291.8,24.8
6.487,-8.07,323.7,1.6,1.3,2017-05-07,13:45,A,77,6.0NRT,293.6,30.5
6.348,-8.967,320.5,1.9,1.4,2017-05-07,13:45,A,48,6.0NRT,291.7,29.6
6.516,-8.105,338.8,1.6,1.3,2017-05-07,13:45,A,89,6.0NRT,294.6,70.9
6.514,-8.119,326.9,1.6,1.3,2017-05-07,13:45,A,81,6.0NRT,294.4,36.8
6.473,-8.389,311.4,1.7,1.3,2017-05-07,13:45,A,39,6.0NRT,292.5,9.3
6.518,-8.097,315.8,1.6,1.3,2017-05-07,13:45,A,41,6.0NRT,293.9,13.5
6.515,-8.111,336.4,1.6,1.3,2017-05-07,13:45,A,88,6.0NRT,294.9,62
6.549,-8.042,315,1.6,1.3,2017-05-07,13:45,A,52,6.0NRT,294.3,12.7
6.538,-8.115,315.1,1.6,1.3,2017-05-07,13:45,A,60,6.0NRT,294.1,12.3
6.535,-8.129,328.4,1.6,1.3,2017-05-07,13:45,A,82,6.0NRT,294.3,40.1
6.322,-9.56,315,2.1,1.4,2017-05-07,13:45,A,61,6.0NRT,290,26.5
6.303,-9.675,315.8,2.2,1.4,2017-05-07,13:45,A,67,6.0NRT,288.9,29
6.245,-10.21,310.4,2.4,1.5,2017-05-07,13:45,A,46,6.0NRT,287.8,20.5
6.455,-8.955,311.6,1.9,1.3,2017-05-07,13:45,A,48,6.0NRT,289.8,15.9
6.415,-9.964,316.2,2.3,1.5,2017-05-07,13:45,A,60,6.0NRT,289.4,29.8
6.681,-8.301,319,1.7,1.3,2017-05-07,13:45,A,71,6.0NRT,293.1,21.4
6.664,-8.407,328.5,1.7,1.3,2017-05-07,13:45,A,76,6.0NRT,293.2,39.9
6.413,-9.97,315.9,2.3,1.5,2017-05-07,13:45,A,59,6.0NRT,289.2,28.2
6.676,-8.409,340.1,1.7,1.3,2017-05-07,13:45,A,90,6.0NRT,293.3,76.2
7.256,-9.953,308.4,2.2,1.4,2017-05-07,13:45,A,48,6.0NRT,288.1,11.3
7.474,-9.171,311.9,1.9,1.3,2017-05-07,13:45,A,38,6.0NRT,293,12.4
7.492,-9.138,313.5,1.9,1.3,2017-05-07,13:45,A,61,6.0NRT,291.3,15.6
8.389,-5.152,315.3,1.1,1,2017-05-07,13:45,A,58,6.0NRT,296.4,5.9
7.822,-10.595,309.3,2.4,1.5,2017-05-07,13:45,A,49,6.0NRT,290.6,14.6
7.839,-11.492,318.3,2.8,1.6,2017-05-07,13:45,A,73,6.0NRT,287,48.8
9.578,0.257,332.5,1.5,1.2,2017-05-07,13:45,A,84,6.0NRT,295.1,38.6
9.576,0.243,327,1.5,1.2,2017-05-07,13:45,A,79,6.0NRT,295.4,25.5
7.934,-10.945,310.7,2.6,1.5,2017-05-07,13:45,A,30,6.0NRT,288.3,18.1
7.846,-11.474,308.9,2.8,1.6,2017-05-07,13:45,A,38,6.0NRT,285.8,17.2
7.842,-11.499,314.3,2.8,1.6,2017-05-07,13:45,A,66,6.0NRT,286.9,36.1
8.052,-10.645,313.8,2.4,1.5,2017-05-07,13:45,A,65,6.0NRT,292.4,24.1
8.02,-10.936,324,2.5,1.5,2017-05-07,13:45,A,67,6.0NRT,291.1,53.1
8.046,-10.649,312.9,2.4,1.5,2017-05-07,13:45,A,62,6.0NRT,292.6,20.8
8.019,-10.894,317.6,2.5,1.5,2017-05-07,13:45,A,48,6.0NRT,291.5,28.8
8.025,-10.942,318.7,2.5,1.5,2017-05-07,13:45,A,35,6.0NRT,290.6,34.1
8.351,-10.493,315,2.3,1.5,2017-05-07,13:45,A,66,6.0NRT,289.9,24.3
8.351,-10.479,318.4,2.3,1.5,2017-05-07,13:45,A,65,6.0NRT,289.4,33.1
8.522,-10.077,322.6,2.1,1.4,2017-05-07,13:45,A,73,6.0NRT,293.3,39.1
8.525,-10.063,320.5,2.1,1.4,2017-05-07,13:45,A,73,6.0NRT,293.5,35.3
8.521,-10.082,316.8,2.1,1.4,2017-05-07,13:45,A,68,6.0NRT,293.2,25.4
10.181,-6.657,333.7,1.2,1.1,2017-05-07,13:45,A,80,6.0NRT,305.9,16.1
10.413,-8.345,321.1,1.5,1.2,2017-05-07,13:45,A,51,6.0NRT,292.4,11.9
10.423,-8.347,320.9,1.5,1.2,2017-05-07,13:45,A,36,6.0NRT,294.4,11.7
10.954,-8.416,331.8,1.5,1.2,2017-05-07,13:45,A,78,6.0NRT,297.2,27.1
10.16,-14.083,359.1,4.1,1.9,2017-05-07,13:45,A,0,6.0NRT,288.7,575.5
6.665,-9.292,322.8,2,1.4,2017-05-07,13:45,A,77,6.0NRT,290.6,40
6.776,-8.653,309.7,1.8,1.3,2017-05-07,13:45,A,40,6.0NRT,290.9,11.5
6.677,-9.461,322.6,2.1,1.4,2017-05-07,13:45,A,77,6.0NRT,289.7,40.1
6.669,-9.447,317.3,2.1,1.4,2017-05-07,13:45,A,64,6.0NRT,290.4,24.3
6.666,-9.466,315.1,2.1,1.4,2017-05-07,13:45,A,34,6.0NRT,290.9,19
6.855,-8.512,313.2,1.7,1.3,2017-05-07,13:45,A,41,6.0NRT,291.7,13
6.809,-8.881,323.4,1.9,1.3,2017-05-07,13:45,A,69,6.0NRT,292.4,33.8
7.574,-3.852,313.2,1,1,2017-05-07,13:45,A,52,6.0NRT,290.2,5.9
6.821,-8.883,320.8,1.9,1.3,2017-05-07,13:45,A,50,6.0NRT,292.1,27.3
6.609,-10.227,313,2.4,1.5,2017-05-07,13:45,A,60,6.0NRT,289.3,23.4
6.606,-10.248,311.4,2.4,1.5,2017-05-07,13:45,A,42,6.0NRT,290.7,18.5
7.24,-6.609,321.5,1.3,1.1,2017-05-07,13:45,A,75,6.0NRT,296.5,15.1
7.239,-6.62,320.5,1.3,1.1,2017-05-07,13:45,A,73,6.0NRT,297.2,13.9
6.795,-9.473,324.5,2.1,1.4,2017-05-07,13:45,A,50,6.0NRT,292.3,40.9
6.678,-10.287,311.7,2.4,1.5,2017-05-07,13:45,A,52,6.0NRT,289.6,20.8
6.857,-9.316,308.9,2,1.4,2017-05-07,13:45,A,25,6.0NRT,288.9,11.2
6.84,-9.424,325,2,1.4,2017-05-07,13:45,A,62,6.0NRT,292,41.7
7.639,-4.162,317,1,1,2017-05-07,13:45,A,67,6.0NRT,288.8,9.3
7.638,-4.171,323.7,1,1,2017-05-07,13:45,A,77,6.0NRT,289.2,16.1
6.865,-9.428,314.4,2,1.4,2017-05-07,13:45,A,30,6.0NRT,289.8,15.8
6.862,-9.446,314.3,2,1.4,2017-05-07,13:45,A,32,6.0NRT,290.5,15.7
6.65,-10.812,315,2.6,1.6,2017-05-07,13:45,A,67,6.0NRT,289.3,35.6
7.22,-7.159,318.1,1.4,1.2,2017-05-07,13:45,A,70,6.0NRT,289,15.1
6.858,-9.559,313.3,2.1,1.4,2017-05-07,13:45,A,50,6.0NRT,291.7,15.5
6.911,-9.241,317.9,2,1.4,2017-05-07,13:45,A,65,6.0NRT,291.7,24.9
6.972,-8.936,312,1.9,1.3,2017-05-07,13:45,A,58,6.0NRT,292.1,13.5
6.924,-9.243,322.7,2,1.4,2017-05-07,13:45,A,77,6.0NRT,292.3,38.3
6.857,-9.662,318.1,2.1,1.4,2017-05-07,13:45,A,72,6.0NRT,291.3,30.4
6.854,-9.68,315.9,2.1,1.4,2017-05-07,13:45,A,68,6.0NRT,290.6,25
7.087,-8.358,315.9,1.7,1.3,2017-05-07,13:45,A,67,6.0NRT,292.9,18.3
6.908,-9.498,313.1,2.1,1.4,2017-05-07,13:45,A,58,6.0NRT,291.8,15.8
6.823,-10.383,319.4,2.4,1.5,2017-05-07,13:45,A,72,6.0NRT,291.3,40.3
6.832,-10.639,312.9,2.5,1.5,2017-05-07,13:45,A,43,6.0NRT,288.9,25.5
6.818,-10.998,315.7,2.7,1.6,2017-05-07,13:45,A,68,6.0NRT,289.3,37
6.797,-10.903,309.9,2.7,1.6,2017-05-07,13:45,A,27,6.0NRT,288.3,18.2
7.239,-8.409,312.4,1.7,1.3,2017-05-07,13:45,A,60,6.0NRT,292.3,12
6.937,-10.303,308.4,2.4,1.5,2017-05-07,13:45,A,16,6.0NRT,286.7,13.1
6.823,-11.005,316.3,2.7,1.6,2017-05-07,13:45,A,69,6.0NRT,289.1,40.5
7.396,-7.685,318.4,1.5,1.2,2017-05-07,13:45,A,71,6.0NRT,294,17.4
7.212,-8.969,319.4,1.9,1.3,2017-05-07,13:45,A,73,6.0NRT,292.7,26
7.118,-10.166,313.2,2.3,1.5,2017-05-07,13:45,A,64,6.0NRT,291.4,25.3
7.15,-10.046,334.5,2.3,1.5,2017-05-07,13:45,A,87,6.0NRT,292.6,92.8
7.115,-10.172,310.1,2.3,1.5,2017-05-07,13:45,A,51,6.0NRT,291.4,16.4
7.151,-10.032,318.4,2.2,1.5,2017-05-07,13:45,A,73,6.0NRT,292.4,32.8
7.148,-10.053,328.7,2.3,1.5,2017-05-07,13:45,A,83,6.0NRT,292.6,69.6
7.257,-9.948,308.9,2.2,1.4,2017-05-07,13:45,A,43,6.0NRT,287,12.1
-7.869,23.768,318.6,1,1,2017-05-07,12:00,A,70,6.0NRT,297.3,8.8
-8.254,20.972,307.6,1.3,1.1,2017-05-07,12:00,A,45,6.0NRT,288.4,6.7
-8.255,20.96,312.3,1.3,1.1,2017-05-07,12:00,A,63,6.0NRT,290.8,11.6
-7.751,24.532,352.3,1,1,2017-05-07,12:00,A,96,6.0NRT,304.1,57.7
-7.752,24.524,358.3,1,1,2017-05-07,12:00,A,99,6.0NRT,304.3,72
-7.743,24.522,322.4,1,1,2017-05-07,12:00,A,65,6.0NRT,299.7,10.6
-7.04,29.187,312.5,1.7,1.3,2017-05-07,12:00,A,55,6.0NRT,295.5,12.5
-7.715,24.521,316.3,1,1,2017-05-07,12:00,A,51,6.0NRT,297.4,6
-7.85,23.572,333,1,1,2017-05-07,12:00,A,85,6.0NRT,297.2,27.7
-8.6,17.922,313.1,2.3,1.5,2017-05-07,12:00,A,70,6.0NRT,282.7,28
-7.464,25.865,335,1.1,1,2017-05-07,12:00,A,87,6.0NRT,299.1,30.1
-7.609,24.744,338.4,1,1,2017-05-07,12:00,A,89,6.0NRT,301.2,33
-7.611,24.735,336.8,1,1,2017-05-07,12:00,A,88,6.0NRT,298.1,30.9
-7.602,24.737,318.9,1,1,2017-05-07,12:00,A,68,6.0NRT,299.2,8.6
-7.59,24.625,321.6,1,1,2017-05-07,12:00,A,74,6.0NRT,292.7,13
-7.621,24.41,334.1,1,1,2017-05-07,12:00,A,86,6.0NRT,298.9,23.2
-7.612,24.408,340.7,1,1,2017-05-07,12:00,A,90,6.0NRT,302.7,34
-7.607,24.38,350.6,1,1,2017-05-07,12:00,A,95,6.0NRT,302.7,52.7
-7.707,23.611,323.4,1,1,2017-05-07,12:00,A,67,6.0NRT,293.8,16.4
-8.793,15.303,308.2,3.7,1.8,2017-05-07,12:00,A,54,6.0NRT,286.5,30.1
-7.536,24.746,330.5,1,1,2017-05-07,12:00,A,83,6.0NRT,302.6,19.3
-7.537,24.737,322.9,1,1,2017-05-07,12:00,A,53,6.0NRT,303.8,9.8
-7.561,24.575,322.6,1,1,2017-05-07,12:00,A,63,6.0NRT,296.2,12.8
-7.403,25.598,323.1,1,1,2017-05-07,12:00,A,55,6.0NRT,298.5,11.3
-7.557,24.538,324.6,1,1,2017-05-07,12:00,A,64,6.0NRT,303.1,12.3
-7.394,25.597,323.9,1,1,2017-05-07,12:00,A,52,6.0NRT,301.3,12.1
-7.606,24.132,315.6,1,1,2017-05-07,12:00,A,41,6.0NRT,294.3,8.4
-7.797,22.71,317.7,1.1,1,2017-05-07,12:00,A,72,6.0NRT,296.6,11.5
-7.382,25.426,318.8,1,1,2017-05-07,12:00,A,48,6.0NRT,300.7,11.1
-7.157,26.759,317,1.2,1.1,2017-05-07,12:00,A,62,6.0NRT,298.1,9.9
-7.843,21.969,329.9,1.2,1.1,2017-05-07,12:00,A,85,6.0NRT,295.3,29.5
-7.844,21.959,316.4,1.2,1.1,2017-05-07,12:00,A,68,6.0NRT,292.7,11.8
-7.371,25.179,326.9,1,1,2017-05-07,12:00,A,80,6.0NRT,299.3,17
-7.373,25.17,324.7,1,1,2017-05-07,12:00,A,78,6.0NRT,299.6,14.5
-7.303,25.586,324,1,1,2017-05-07,12:00,A,49,6.0NRT,301,14.6
-7.304,25.577,330.1,1,1,2017-05-07,12:00,A,76,6.0NRT,301.3,22.9
-7.364,25.169,343.9,1,1,2017-05-07,12:00,A,92,6.0NRT,299.1,42.8
-7.43,24.715,371,1,1,2017-05-07,12:00,A,94,6.0NRT,296.4,110.4
-7.431,24.706,341.4,1,1,2017-05-07,12:00,A,89,6.0NRT,303.1,35.7
-7.296,25.579,317.4,1,1,2017-05-07,12:00,A,49,6.0NRT,300,8.1
-7.422,24.708,315.5,1,1,2017-05-07,12:00,A,49,6.0NRT,297.8,4.7
-6.839,28.55,312.3,1.5,1.2,2017-05-07,12:00,A,61,6.0NRT,295.9,11.2
-7.404,24.705,357.5,1,1,2017-05-07,12:00,A,98,6.0NRT,300.5,71.7
-7.405,24.696,380.9,1,1,2017-05-07,12:00,A,100,6.0NRT,304.1,149.7
-7.459,24.19,341.3,1,1,2017-05-07,12:00,A,91,6.0NRT,302,36.8
-8.283,17.843,304.2,2.3,1.5,2017-05-07,12:00,A,45,6.0NRT,280.8,8.9
-8.286,17.837,304.7,2.3,1.5,2017-05-07,12:00,A,31,6.0NRT,281.3,9.5
-7.301,24.776,318.5,1,1,2017-05-07,12:00,A,36,6.0NRT,300.4,8
-7.257,25.02,341.5,1,1,2017-05-07,12:00,A,91,6.0NRT,305,36.2
-7.258,25.01,325.3,1,1,2017-05-07,12:00,A,72,6.0NRT,300.3,14.1
-7.328,24.266,321.5,1,1,2017-05-07,12:00,A,33,6.0NRT,297.4,12.7
-6.869,27.25,318.9,1.3,1.1,2017-05-07,12:00,A,62,6.0NRT,294.4,12.4
-7.271,24.541,335.2,1,1,2017-05-07,12:00,A,87,6.0NRT,295.8,30.7
-7.272,24.532,326.8,1,1,2017-05-07,12:00,A,63,6.0NRT,297.4,19.7
-7.104,25.443,319,1,1,2017-05-07,12:00,A,55,6.0NRT,289.1,11.9
-7.105,25.434,364.8,1,1,2017-05-07,12:00,A,94,6.0NRT,294.4,99
-7.107,25.424,334.1,1,1,2017-05-07,12:00,A,86,6.0NRT,292.1,28.9
-7.227,24.593,323,1,1,2017-05-07,12:00,A,47,6.0NRT,298,13.1
-7.258,24.378,321.9,1,1,2017-05-07,12:00,A,56,6.0NRT,291.9,13.3
-7.259,24.369,320.8,1,1,2017-05-07,12:00,A,68,6.0NRT,292.9,11.6
-7.011,25.884,350.5,1.1,1,2017-05-07,12:00,A,95,6.0NRT,297.8,62.3
-6.797,27.188,315.5,1.3,1.1,2017-05-07,12:00,A,58,6.0NRT,296.4,7.7
-8.344,15.621,316.7,3.4,1.7,2017-05-07,12:00,A,75,6.0NRT,289.8,58.5
-8.349,15.614,316.8,3.4,1.7,2017-05-07,12:00,A,75,6.0NRT,290.5,60.3
-8.33,15.516,311.6,3.5,1.8,2017-05-07,12:00,A,66,6.0NRT,290.4,39.9
-7.081,24.768,332.6,1,1,2017-05-07,12:00,A,85,6.0NRT,300.6,22.8
-7.083,24.759,326.2,1,1,2017-05-07,12:00,A,50,6.0NRT,305.4,15
-6.415,29.134,310.2,1.7,1.3,2017-05-07,12:00,A,50,6.0NRT,293.9,13.4
-7.048,24.874,327.8,1,1,2017-05-07,12:00,A,80,6.0NRT,299.8,17.8
-7.049,24.865,327.4,1,1,2017-05-07,12:00,A,77,6.0NRT,298.4,17.6
-8.321,15.51,309.2,3.5,1.8,2017-05-07,12:00,A,32,6.0NRT,289,26.1
-6.701,26.801,312.6,1.2,1.1,2017-05-07,12:00,A,31,6.0NRT,294.7,5.9
-6.339,29.038,327.1,1.7,1.3,2017-05-07,12:00,A,79,6.0NRT,299.5,36.7
-7.196,23.258,332,1,1,2017-05-07,12:00,A,85,6.0NRT,298.5,26
-6.327,29.036,324.7,1.7,1.3,2017-05-07,12:00,A,80,6.0NRT,299.1,32.2
-7.205,23.06,312.1,1,1,2017-05-07,12:00,A,43,6.0NRT,296.2,5.6
-6.33,29.029,328,1.7,1.3,2017-05-07,12:00,A,82,6.0NRT,299.4,38.3
-6.657,26.809,310.4,1.2,1.1,2017-05-07,12:00,A,12,6.0NRT,293,4.9
-7.937,17.618,318.1,2.4,1.5,2017-05-07,12:00,A,65,6.0NRT,281.4,41.9
-6.391,28.393,313.9,1.5,1.2,2017-05-07,12:00,A,64,6.0NRT,296.5,11.2
10.177,-14.086,315.2,4.1,1.9,2017-05-07,13:45,A,7,6.0NRT,288.6,35.3
10.194,-14.09,328.7,4.1,1.9,2017-05-07,13:45,A,69,6.0NRT,289.8,139.9
10.693,-12.621,325.4,3.1,1.7,2017-05-07,13:45,A,73,6.0NRT,288.1,73.8
10.694,-12.977,356.3,3.3,1.7,2017-05-07,13:45,A,98,6.0NRT,290.7,362.3
10.689,-13.006,328.1,3.3,1.7,2017-05-07,13:45,A,78,6.0NRT,290.1,83.3
10.704,-13.008,346.1,3.3,1.7,2017-05-07,13:45,A,92,6.0NRT,289.4,246
10.474,-14.349,322.3,4.2,1.9,2017-05-07,13:45,A,61,6.0NRT,292.3,79.8
10.467,-14.387,325.9,4.3,1.9,2017-05-07,13:45,A,76,6.0NRT,293.1,106.3
10.969,-11.317,321.9,2.4,1.5,2017-05-07,13:45,A,41,6.0NRT,286.8,38.5
10.644,-13.158,319,3.4,1.7,2017-05-07,13:45,A,61,6.0NRT,289.6,39.1
10.696,-12.954,321.8,3.3,1.7,2017-05-07,13:45,A,50,6.0NRT,290.2,42.5
10.691,-12.983,357.2,3.3,1.7,2017-05-07,13:45,A,98,6.0NRT,291,379.9
10.706,-12.986,328.5,3.3,1.7,2017-05-07,13:45,A,77,6.0NRT,290.3,86.7
10.701,-13.015,340.5,3.3,1.7,2017-05-07,13:45,A,89,6.0NRT,289.3,188.3
10.461,-14.354,325.8,4.2,1.9,2017-05-07,13:45,A,75,6.0NRT,292.7,113.8
10.454,-14.392,320.9,4.3,1.9,2017-05-07,13:45,A,54,6.0NRT,293,64.6
10.697,-14.021,325.2,3.9,1.8,2017-05-07,13:45,A,73,6.0NRT,288,88.5
10.678,-14.13,321.9,4,1.9,2017-05-07,13:45,A,41,6.0NRT,288.7,57.5
10.671,-14.167,326.2,4.1,1.9,2017-05-07,13:45,A,74,6.0NRT,289.6,98.5
10.701,-14.097,352.4,4,1.9,2017-05-07,13:45,A,96,6.0NRT,288.5,400
10.694,-14.132,416.4,4,1.9,2017-05-07,13:45,A,94,6.0NRT,292.2,2642.2
10.688,-14.168,331.5,4.1,1.9,2017-05-07,13:45,A,72,6.0NRT,286,138.4
11.595,-8.749,327.4,1.5,1.2,2017-05-07,13:45,A,0,6.0NRT,303.3,14.6
10.703,-14.029,327.7,3.9,1.8,2017-05-07,13:45,A,73,6.0NRT,288.1,100.1
10.683,-14.138,335.6,4,1.9,2017-05-07,13:45,A,79,6.0NRT,289.1,177.5
10.676,-14.175,331.4,4.1,1.9,2017-05-07,13:45,A,75,6.0NRT,289.1,138.7
10.706,-14.105,385.4,4,1.9,2017-05-07,13:45,A,100,6.0NRT,290.7,1208.7
10.7,-14.14,413,4,1.9,2017-05-07,13:45,A,87,6.0NRT,292.2,2450.9
10.716,-14.143,328.2,4,1.9,2017-05-07,13:45,A,64,6.0NRT,289.4,102.1
10.768,-14.043,326.7,3.9,1.8,2017-05-07,13:45,A,50,6.0NRT,291.4,72.6
10.813,-13.977,347.9,3.9,1.8,2017-05-07,13:45,A,93,6.0NRT,290.7,312
10.77,-14.229,321.3,4.1,1.9,2017-05-07,13:45,A,63,6.0NRT,290.1,63
10.773,-14.048,325.3,3.9,1.8,2017-05-07,13:45,A,50,6.0NRT,291.4,64.4
10.819,-13.983,346.9,3.9,1.8,2017-05-07,13:45,A,92,6.0NRT,290.6,299.1
10.87,-13.886,325.2,3.8,1.8,2017-05-07,13:45,A,70,6.0NRT,289.7,75.2
10.861,-13.892,326.4,3.8,1.8,2017-05-07,13:45,A,72,6.0NRT,289.9,85.6
11.857,-8.4,330.1,1.4,1.2,2017-05-07,13:45,A,65,6.0NRT,305.3,14.1
10.942,-13.906,332.5,3.8,1.8,2017-05-07,13:45,A,80,6.0NRT,291.7,134.4
10.936,-13.941,334.3,3.8,1.8,2017-05-07,13:45,A,82,6.0NRT,291.6,151.3
10.996,-13.881,322.3,3.8,1.8,2017-05-07,13:45,A,63,6.0NRT,291.7,45.5
10.948,-13.912,328.6,3.8,1.8,2017-05-07,13:45,A,76,6.0NRT,291.6,93.8
10.942,-13.947,327.6,3.8,1.8,2017-05-07,13:45,A,74,6.0NRT,291.5,85.1
10.987,-13.884,324,3.8,1.8,2017-05-07,13:45,A,67,6.0NRT,292.1,59.7
10.838,-14.693,317.5,4.4,1.9,2017-05-07,13:45,A,0,6.0NRT,292.4,64.9
11.051,-13.896,326.7,3.8,1.8,2017-05-07,13:45,A,71,6.0NRT,294.4,69.6
11.045,-13.931,330.5,3.8,1.8,2017-05-07,13:45,A,78,6.0NRT,293.2,105
11.032,-14.296,321.3,4.1,1.9,2017-05-07,13:45,A,61,6.0NRT,292.4,51.2
11.025,-14.333,329.7,4.1,1.9,2017-05-07,13:45,A,77,6.0NRT,292.7,124.7
11.042,-13.902,327.5,3.8,1.8,2017-05-07,13:45,A,74,6.0NRT,293.7,76.2
11.036,-13.937,325.5,3.8,1.8,2017-05-07,13:45,A,70,6.0NRT,292.3,62.9
11.233,-13.209,331.3,3.3,1.7,2017-05-07,13:45,A,78,6.0NRT,292.8,97.3
11.036,-14.305,325.8,4.1,1.9,2017-05-07,13:45,A,71,6.0NRT,292.6,87.8
11.03,-14.342,325.1,4.1,1.9,2017-05-07,13:45,A,70,6.0NRT,292.9,82.8
11.135,-13.849,327.5,3.8,1.8,2017-05-07,13:45,A,73,6.0NRT,295.5,65
11.918,-9.381,331.7,1.6,1.3,2017-05-07,13:45,A,57,6.0NRT,307,23.7
11.004,-14.773,318.3,4.4,1.9,2017-05-07,13:45,A,0,6.0NRT,293.1,61.2
11.142,-13.854,324,3.8,1.8,2017-05-07,13:45,A,63,6.0NRT,294.9,41.7
11.341,-13.204,329.5,3.3,1.7,2017-05-07,13:45,A,75,6.0NRT,292.7,81.2
11.335,-13.235,334.5,3.3,1.7,2017-05-07,13:45,A,82,6.0NRT,293.6,118.3
11.237,-13.978,343.9,3.8,1.8,2017-05-07,13:45,A,90,6.0NRT,294.6,244.8
11.231,-14.012,339.3,3.8,1.8,2017-05-07,13:45,A,87,6.0NRT,294.2,191.1
11.269,-13.984,324.2,3.8,1.8,2017-05-07,13:45,A,67,6.0NRT,295.4,48
11.227,-13.983,350.1,3.8,1.8,2017-05-07,13:45,A,94,6.0NRT,295.3,330.7
11.221,-14.018,328.1,3.8,1.8,2017-05-07,13:45,A,73,6.0NRT,294.2,79.9
11.13,-14.891,325.8,4.5,2,2017-05-07,13:45,A,66,6.0NRT,294.2,132.4
11.314,-13.965,325.7,3.8,1.8,2017-05-07,13:45,A,61,6.0NRT,295.5,51.1
11.308,-13.998,325.8,3.8,1.8,2017-05-07,13:45,A,69,6.0NRT,296.4,55.7
11.318,-14.036,331.7,3.8,1.8,2017-05-07,13:45,A,78,6.0NRT,295.2,109.5
11.312,-14.072,342.9,3.9,1.8,2017-05-07,13:45,A,89,6.0NRT,295.3,235.2
11.329,-14.074,325.1,3.9,1.8,2017-05-07,13:45,A,67,6.0NRT,294.6,55.2
11.363,-13.974,337.8,3.8,1.8,2017-05-07,13:45,A,85,6.0NRT,295.9,166.7
11.305,-13.968,328.4,3.8,1.8,2017-05-07,13:45,A,72,6.0NRT,295.8,74.6
11.131,-14.896,327.5,4.5,2,2017-05-07,13:45,A,62,6.0NRT,294.2,149.7
11.325,-14.042,337,3.8,1.8,2017-05-07,13:45,A,84,6.0NRT,295.1,161.9
11.318,-14.077,341.2,3.9,1.8,2017-05-07,13:45,A,88,6.0NRT,295.2,213.7
11.369,-13.98,340.7,3.8,1.8,2017-05-07,13:45,A,87,6.0NRT,295.6,203
11.426,-13.85,337.3,3.7,1.8,2017-05-07,13:45,A,84,6.0NRT,296.7,148
11.42,-13.884,330.2,3.7,1.8,2017-05-07,13:45,A,75,6.0NRT,296.3,84.4
11.919,-11.069,331.6,2.2,1.4,2017-05-07,13:45,A,75,6.0NRT,302.2,38.2
11.442,-13.854,398.5,3.7,1.8,2017-05-07,13:45,A,100,6.0NRT,298,1519.6
11.436,-13.888,347.1,3.7,1.8,2017-05-07,13:45,A,92,6.0NRT,292.8,266.6
11.434,-13.991,324.9,3.8,1.8,2017-05-07,13:45,A,57,6.0NRT,296.3,50.5
12.304,-8.824,337.7,1.5,1.2,2017-05-07,13:45,A,78,6.0NRT,307.6,32.3
11.456,-13.961,327.6,3.8,1.8,2017-05-07,13:45,A,24,6.0NRT,296,57.9
11.45,-13.994,386.3,3.8,1.8,2017-05-07,13:45,A,100,6.0NRT,297,1136.7
11.444,-14.029,327.4,3.8,1.8,2017-05-07,13:45,A,47,6.0NRT,295.5,62.4
12.308,-8.831,329.2,1.5,1.2,2017-05-07,13:45,A,38,6.0NRT,303.8,11.3
11.44,-13.826,340.7,3.7,1.8,2017-05-07,13:45,A,87,6.0NRT,296,180.7
11.434,-13.859,399,3.7,1.8,2017-05-07,13:45,A,100,6.0NRT,298.3,1537.7
11.428,-13.893,328.8,3.7,1.8,2017-05-07,13:45,A,58,6.0NRT,293.1,68.9
11.45,-13.862,334.9,3.7,1.8,2017-05-07,13:45,A,81,6.0NRT,295.8,127.5
11.448,-13.966,349.3,3.8,1.8,2017-05-07,13:45,A,93,6.0NRT,296.7,302.1
11.442,-13.999,379.6,3.8,1.8,2017-05-07,13:45,A,100,6.0NRT,297.5,938.7
11.386,-14.394,330.1,4.1,1.9,2017-05-07,13:45,A,74,6.0NRT,296.7,109.8
11.383,-14.508,336,4.2,1.9,2017-05-07,13:45,A,82,6.0NRT,295.7,191.2
11.49,-14.009,369.6,3.8,1.8,2017-05-07,13:45,A,100,6.0NRT,296.1,677.2
11.484,-14.043,345.1,3.8,1.8,2017-05-07,13:45,A,90,6.0NRT,295.2,249.4
11.477,-14.079,331.4,3.8,1.8,2017-05-07,13:45,A,76,6.0NRT,294.9,102.5
11.386,-14.587,343.1,4.2,1.9,2017-05-07,13:45,A,89,6.0NRT,295.9,292.9
11.379,-14.625,343.4,4.3,1.9,2017-05-07,13:45,A,89,6.0NRT,295.9,303.5
11.506,-14.013,328.1,3.8,1.8,2017-05-07,13:45,A,63,6.0NRT,295.6,68.8
11.5,-14.047,325.9,3.8,1.8,2017-05-07,13:45,A,60,6.0NRT,294.4,57.2
11.481,-14.152,324.2,3.9,1.8,2017-05-07,13:45,A,43,6.0NRT,295.6,46.4
12.037,-10.996,333.8,2.2,1.4,2017-05-07,13:45,A,77,6.0NRT,302.1,47.7
12.033,-11.016,328.2,2.2,1.4,2017-05-07,13:45,A,61,6.0NRT,302.6,25.7
11.51,-14.086,333.1,3.8,1.8,2017-05-07,13:45,A,79,6.0NRT,295.1,123.5
11.504,-14.12,328.2,3.9,1.8,2017-05-07,13:45,A,62,6.0NRT,295.2,78.7
11.372,-14.589,338.9,4.2,1.9,2017-05-07,13:45,A,85,6.0NRT,297.4,232
11.365,-14.627,328.2,4.3,1.9,2017-05-07,13:45,A,69,6.0NRT,296.2,115.9
12.036,-11.001,341.4,2.2,1.4,2017-05-07,13:45,A,86,6.0NRT,302,83.3
11.496,-14.016,377.2,3.8,1.8,2017-05-07,13:45,A,100,6.0NRT,296.1,869.6
11.49,-14.05,336.9,3.8,1.8,2017-05-07,13:45,A,83,6.0NRT,294,158
11.483,-14.085,332.1,3.8,1.8,2017-05-07,13:45,A,76,6.0NRT,293.6,113.8
11.477,-14.12,322.7,3.9,1.8,2017-05-07,13:45,A,46,6.0NRT,295.5,39
11.389,-14.592,327.4,4.2,1.9,2017-05-07,13:45,A,68,6.0NRT,295.4,105.4
11.382,-14.63,325.4,4.3,1.9,2017-05-07,13:45,A,62,6.0NRT,295.6,91.1
11.5,-14.088,337.3,3.8,1.8,2017-05-07,13:45,A,83,6.0NRT,295.2,167.4
11.493,-14.123,326.8,3.9,1.8,2017-05-07,13:45,A,66,6.0NRT,295.1,68.6
11.88,-12.306,336.3,2.8,1.6,2017-05-07,13:45,A,81,6.0NRT,300.4,108.5
11.466,-14.646,326.5,4.3,1.9,2017-05-07,13:45,A,65,6.0NRT,295.8,110.4
11.902,-12.262,336.6,2.7,1.6,2017-05-07,13:45,A,82,6.0NRT,298,102.4
11.898,-12.283,340.6,2.8,1.6,2017-05-07,13:45,A,86,6.0NRT,299.2,134.1
11.605,-13.966,336.2,3.8,1.8,2017-05-07,13:45,A,82,6.0NRT,299.2,142.5
11.883,-12.314,329.9,2.8,1.6,2017-05-07,13:45,A,72,6.0NRT,300.3,68.8
11.453,-14.651,325.6,4.3,1.9,2017-05-07,13:45,A,60,6.0NRT,295.9,99.7
11.906,-12.268,343.7,2.7,1.6,2017-05-07,13:45,A,89,6.0NRT,297.3,153.7
11.902,-12.29,329.1,2.8,1.6,2017-05-07,13:45,A,70,6.0NRT,299.9,60.6
11.613,-13.975,331.8,3.8,1.8,2017-05-07,13:45,A,75,6.0NRT,299,99.7
12.386,-9.62,347.6,1.7,1.3,2017-05-07,13:45,A,91,6.0NRT,310.6,70.6
12.383,-9.635,376.2,1.7,1.3,2017-05-07,13:45,A,100,6.0NRT,311.7,247.5
12.397,-9.622,349.2,1.7,1.3,2017-05-07,13:45,A,92,6.0NRT,310.3,79.5
12.395,-9.637,377.5,1.7,1.3,2017-05-07,13:45,A,100,6.0NRT,312.1,259.1
11.708,-13.72,341.7,3.6,1.8,2017-05-07,13:45,A,87,6.0NRT,299.2,185
11.707,-14.1,326.9,3.8,1.8,2017-05-07,13:45,A,65,6.0NRT,299.5,55.4
11.723,-13.693,326.1,3.6,1.8,2017-05-07,13:45,A,58,6.0NRT,299.4,45.4
11.717,-13.726,335.5,3.6,1.8,2017-05-07,13:45,A,80,6.0NRT,299.3,122.5
12.617,-8.766,331.4,1.4,1.2,2017-05-07,13:45,A,49,6.0NRT,309,12.9
11.697,-14.102,327.3,3.8,1.8,2017-05-07,13:45,A,64,6.0NRT,299.1,58.1
11.986,-12.58,324.9,2.9,1.6,2017-05-07,13:45,A,45,6.0NRT,297.5,39.8
11.778,-13.839,328.1,3.6,1.8,2017-05-07,13:45,A,66,6.0NRT,299.7,64.4
11.8,-13.81,329.5,3.6,1.8,2017-05-07,13:45,A,69,6.0NRT,299.2,74.5
11.672,-14.618,323.2,4.2,1.9,2017-05-07,13:45,A,28,6.0NRT,296.7,72
11.815,-13.787,324.3,3.6,1.8,2017-05-07,13:45,A,37,6.0NRT,298.6,35.7
11.809,-13.819,326.8,3.6,1.8,2017-05-07,13:45,A,59,6.0NRT,299.5,52.2
11.659,-14.623,324.1,4.2,1.9,2017-05-07,13:45,A,22,6.0NRT,296.6,74.5
11.652,-14.661,330.1,4.2,1.9,2017-05-07,13:45,A,61,6.0NRT,296.5,137.2
12.583,-9.542,335.3,1.6,1.3,2017-05-07,13:45,A,53,6.0NRT,310.9,28.9
11.836,-14.029,326.9,3.8,1.8,2017-05-07,13:45,A,58,6.0NRT,299.9,48
11.856,-14.104,344.6,3.8,1.8,2017-05-07,13:45,A,84,6.0NRT,300.8,231.1
11.847,-14.106,344.5,3.8,1.8,2017-05-07,13:45,A,89,6.0NRT,301.3,228.1
12.5,-10.816,328.5,2.1,1.4,2017-05-07,13:45,A,55,6.0NRT,304,25.3
13.771,-3.022,345.8,1.1,1,2017-05-07,13:45,A,88,6.0NRT,309,31.4
13.769,-3.032,357.9,1.1,1,2017-05-07,13:45,A,98,6.0NRT,312.2,62
13.792,-4.719,339.9,1,1,2017-05-07,13:45,A,76,6.0NRT,316.3,11.8
13.801,-4.72,358.4,1,1,2017-05-07,13:45,A,98,6.0NRT,317.9,50.6
13.798,-4.804,347.9,1,1,2017-05-07,13:45,A,90,6.0NRT,314.9,28.3
13.362,-10.475,338,1.9,1.3,2017-05-07,13:45,A,76,6.0NRT,310.7,37.4
14.32,-4.892,338.6,1,1,2017-05-07,13:45,A,53,6.0NRT,320,7.6
14.437,-4.124,349.5,1,1,2017-05-07,13:45,A,91,6.0NRT,324.1,27.5
14.497,-4.293,343.1,1,1,2017-05-07,13:45,A,84,6.0NRT,320.6,19.5
13.625,-10.295,352.2,1.8,1.3,2017-05-07,13:45,A,79,6.0NRT,313.9,99.9
13.619,-10.299,344.6,1.8,1.3,2017-05-07,13:45,A,63,6.0NRT,314.6,64.2
13.924,-9.443,340.8,1.5,1.2,2017-05-07,13:45,A,63,6.0NRT,318.1,26.3
14.697,-4.758,360.4,1,1,2017-05-07,13:45,A,100,6.0NRT,326.6,52.6
14.013,-9.669,344,1.6,1.2,2017-05-07,13:45,A,58,6.0NRT,310.8,55.5
14.817,-4.365,343.1,1,1,2017-05-07,13:45,A,49,6.0NRT,326.8,17.5
14.816,-4.375,345.7,1,1,2017-05-07,13:45,A,78,6.0NRT,324.5,22.8
14.826,-4.367,342.9,1,1,2017-05-07,13:45,A,69,6.0NRT,325.4,17.3
14.825,-4.376,342.1,1,1,2017-05-07,13:45,A,79,6.0NRT,321.8,16.8
14.894,-3.942,344.7,1,1,2017-05-07,13:45,A,86,6.0NRT,323.6,21.6
13.505,-12.838,333.7,2.8,1.6,2017-05-07,13:45,A,62,6.0NRT,308,57
15.072,-4.583,340.2,1,1,2017-05-07,13:45,A,71,6.0NRT,324.8,10.2
15.173,-4.186,340.8,1,1,2017-05-07,13:45,A,57,6.0NRT,325.8,13.9
5.888,6.296,312.6,3.9,1.8,2017-05-07,13:40,A,42,6.0NRT,283.1,54.2
5.892,6.29,313,3.9,1.8,2017-05-07,13:40,A,41,6.0NRT,283.9,56.7
5.219,-3.133,316.4,1,1,2017-05-07,13:40,A,55,6.0NRT,290.7,9
-5.272,18.219,319.9,1.9,1.4,2017-05-07,12:00,A,75,6.0NRT,293.7,27.5
-5.082,19.343,321.2,1.6,1.2,2017-05-07,12:00,A,72,6.0NRT,296.3,18.2
-5.084,19.329,323.8,1.6,1.2,2017-05-07,12:00,A,78,6.0NRT,297.8,25.4
-4.008,25.918,328.6,1.2,1.1,2017-05-07,12:00,A,78,6.0NRT,288.9,26
-3.997,25.927,323.2,1.2,1.1,2017-05-07,12:00,A,76,6.0NRT,287.3,18.8
-3.998,25.917,316.7,1.2,1.1,2017-05-07,12:00,A,52,6.0NRT,289.2,11.9
-3.668,25.594,313,1.1,1.1,2017-05-07,12:00,A,68,6.0NRT,285.7,9
-3.539,25.85,310.4,1.2,1.1,2017-05-07,12:00,A,27,6.0NRT,278.9,8.3
-3.449,25.767,322,1.2,1.1,2017-05-07,12:00,A,31,6.0NRT,299.8,14.4
-4.537,17.782,315.1,2,1.4,2017-05-07,12:00,A,69,6.0NRT,292.8,17.6
-3.428,25.551,319.1,1.1,1.1,2017-05-07,12:00,A,66,6.0NRT,293.3,13.9
-4.202,16.184,315.3,2.7,1.6,2017-05-07,12:00,A,68,6.0NRT,292.9,30.5
-4.198,16.178,313.2,2.7,1.6,2017-05-07,12:00,A,66,6.0NRT,292.7,24.4
-3.691,18.477,307.3,1.7,1.3,2017-05-07,12:00,A,54,6.0NRT,279.7,12.6
-3.945,16.275,342,2.6,1.6,2017-05-07,12:00,A,92,6.0NRT,294.6,159.2
-3.936,16.29,320.5,2.6,1.5,2017-05-07,12:00,A,77,6.0NRT,292.8,44.7
-3.939,16.268,328.5,2.6,1.6,2017-05-07,12:00,A,84,6.0NRT,294.2,78.3
-3.721,17.063,310.5,2.2,1.4,2017-05-07,12:00,A,60,6.0NRT,289.8,14.8
-3.471,18.003,309.5,1.9,1.3,2017-05-07,12:00,A,50,6.0NRT,271.6,20.5
-3.437,17.031,318,2.2,1.4,2017-05-07,12:00,A,63,6.0NRT,292.9,31.4
-3.439,17.025,317.1,2.2,1.4,2017-05-07,12:00,A,71,6.0NRT,292.9,30.7
-3.487,15.836,314.6,2.8,1.6,2017-05-07,12:00,A,69,6.0NRT,292.1,30.8
-3.49,15.811,315.7,2.8,1.6,2017-05-07,12:00,A,70,6.0NRT,293.6,34.9
-1.997,14.315,312.3,3.5,1.8,2017-05-07,12:00,A,63,6.0NRT,292,28.2
-0.858,15.608,312.8,2.6,1.6,2017-05-07,12:00,A,66,6.0NRT,290.8,26.3
-0.41,15.247,311.7,2.8,1.6,2017-05-07,12:00,A,63,6.0NRT,292,26.1
-0.407,15.24,309.1,2.8,1.6,2017-05-07,12:00,A,56,6.0NRT,291.2,18.2
0.14,15.564,311.8,2.5,1.5,2017-05-07,12:00,A,65,6.0NRT,291.9,22.4
1.723,20.41,318.9,1.1,1,2017-05-07,12:05,A,78,6.0NRT,297.2,12.9
1.944,19.692,308.6,1.2,1.1,2017-05-07,12:05,A,55,6.0NRT,287.1,9.1
2.303,20.776,317.9,1.1,1,2017-05-07,12:05,A,73,6.0NRT,294,12.9
2.302,20.767,311.6,1.1,1,2017-05-07,12:05,A,43,6.0NRT,294.7,6.9
2.352,20.235,318.7,1.1,1.1,2017-05-07,12:05,A,70,6.0NRT,298.2,10.9
8.129,26.845,315.4,2,1.4,2017-05-07,12:05,A,44,6.0NRT,276.6,21.8
8.127,26.827,317.5,2,1.4,2017-05-07,12:05,A,46,6.0NRT,276.3,25.6
8.118,26.841,318.5,2,1.4,2017-05-07,12:05,A,54,6.0NRT,281,30.4
8.773,30.193,318.9,3.8,1.8,2017-05-07,12:05,A,0,6.0NRT,288.2,68.5
6.892,16.472,315.3,1.7,1.3,2017-05-07,12:05,A,66,6.0NRT,289.9,12.8
8.72,29.134,328,3.1,1.7,2017-05-07,12:05,A,43,6.0NRT,288.5,78.2
8.703,28.997,332.8,3,1.7,2017-05-07,12:05,A,82,6.0NRT,297,90.2
8.718,28.995,327,3,1.7,2017-05-07,12:05,A,50,6.0NRT,296.1,56.4
10.181,-14.092,327.6,4.1,1.9,2017-05-07,13:45,A,68,6.0NRT,289.1,125.3
10.446,-13.075,354.5,3.4,1.7,2017-05-07,13:45,A,97,6.0NRT,288.2,350.1
10.441,-13.106,323.9,3.4,1.7,2017-05-07,13:45,A,66,6.0NRT,287.2,52.6
10.461,-13.077,334.6,3.4,1.7,2017-05-07,13:45,A,84,6.0NRT,287.4,132.6
10.457,-13.084,350,3.4,1.7,2017-05-07,13:45,A,95,6.0NRT,287.9,292
31.047,49.393,305.7,2.4,1.5,2017-05-07,18:20,T,65,6.0NRT,295.7,15.7
30.607,47.332,322.1,3.4,1.7,2017-05-07,18:20,T,100,6.0NRT,296,100.6
30.599,47.298,308,3.4,1.7,2017-05-07,18:20,T,73,6.0NRT,295.8,32.6
30.69,47.342,308.8,3.4,1.7,2017-05-07,18:20,T,76,6.0NRT,295.9,36.1
30.683,47.308,309.2,3.4,1.7,2017-05-07,18:20,T,77,6.0NRT,296.1,38.8
30.686,47.337,312.2,3.4,1.7,2017-05-07,18:20,T,84,6.0NRT,296,51.4
30.761,47.313,310.4,3.4,1.7,2017-05-07,18:20,T,80,6.0NRT,295.2,47.9
30.765,47.343,305.4,3.3,1.7,2017-05-07,18:20,T,64,6.0NRT,294.9,27.9
30.757,47.31,308.9,3.4,1.7,2017-05-07,18:20,T,76,6.0NRT,295,42.3
31.007,48.142,320.8,2.9,1.6,2017-05-07,18:20,T,100,6.0NRT,294.8,82.8
31.001,48.112,307.3,2.9,1.6,2017-05-07,18:20,T,71,6.0NRT,294.1,31.2
31.213,48.96,308.1,2.5,1.5,2017-05-07,18:20,T,73,6.0NRT,295.2,24
31.207,48.934,307.7,2.5,1.5,2017-05-07,18:20,T,72,6.0NRT,295.1,23.5
31.206,48.956,308.3,2.5,1.5,2017-05-07,18:20,T,57,6.0NRT,295.4,22
30.889,47.334,307.5,3.3,1.7,2017-05-07,18:20,T,72,6.0NRT,295,36.8
31.064,47.622,307.5,3.1,1.7,2017-05-07,18:20,T,72,6.0NRT,294.9,32.4
31.078,47.618,322.4,3.1,1.7,2017-05-07,18:20,T,100,6.0NRT,295.8,96.1
31.02,47.287,321.8,3.3,1.7,2017-05-07,18:20,T,100,6.0NRT,296.2,99.1
31.035,47.283,319.4,3.3,1.7,2017-05-07,18:20,T,98,6.0NRT,295.9,86.8
31.027,47.249,306.7,3.3,1.7,2017-05-07,18:20,T,69,6.0NRT,295.4,29.4
31.031,47.278,334.1,3.3,1.7,2017-05-07,18:20,T,100,6.0NRT,296.4,184.8
31.435,47.821,306.8,3,1.6,2017-05-07,18:20,T,69,6.0NRT,295,28.7
31.435,47.816,305.1,3,1.6,2017-05-07,18:20,T,63,6.0NRT,294.8,23.3
31.673,47.423,311.4,3.1,1.7,2017-05-07,18:20,T,82,6.0NRT,295.9,44.5
32.357,47.699,314.2,2.9,1.6,2017-05-07,18:20,T,89,6.0NRT,296.1,47.9
32.345,47.697,311,2.9,1.6,2017-05-07,18:20,T,82,6.0NRT,296.3,37.1
33.691,46.208,301.2,3.3,1.7,2017-05-07,18:20,T,39,6.0NRT,284.8,35
34.852,44.011,302.3,4.3,1.9,2017-05-07,18:20,T,48,6.0NRT,290.3,39.1
34.855,44.005,300.7,4.3,1.9,2017-05-07,18:20,T,32,6.0NRT,290.4,32.4
35.621,44,307.3,4.1,1.9,2017-05-07,18:20,T,71,6.0NRT,288.7,63.9
35.626,43.994,306,4.1,1.9,2017-05-07,18:20,T,66,6.0NRT,288.6,58.1
35.728,44.049,305.2,4,1.9,2017-05-07,18:20,T,63,6.0NRT,290,52.3
35.685,43.877,309.5,4.1,1.9,2017-05-07,18:20,T,77,6.0NRT,287.9,76.8
35.733,44.04,306.5,4,1.9,2017-05-07,18:20,T,68,6.0NRT,289.9,58.1
35.689,43.869,309.9,4.1,1.9,2017-05-07,18:20,T,79,6.0NRT,287.6,80.2
25.902,51.552,309.8,2.2,1.4,2017-05-07,18:15,T,64,6.0NRT,289.9,24.3
30.299,50.736,301.7,2,1.4,2017-05-07,18:20,T,43,6.0NRT,288.1,12.2
30.394,50.616,302.5,2.1,1.4,2017-05-07,18:20,T,49,6.0NRT,291.9,9.8
30.388,49.862,303.8,2.3,1.5,2017-05-07,18:20,T,57,6.0NRT,278.1,24
30.385,49.858,304.4,2.3,1.5,2017-05-07,18:20,T,60,6.0NRT,278.5,24.9
30.572,49.92,305.7,2.3,1.5,2017-05-07,18:20,T,65,6.0NRT,294.9,13.6
30.724,49.818,306.7,2.3,1.5,2017-05-07,18:20,T,69,6.0NRT,296.6,14.8
30.27,47.351,314.4,3.4,1.7,2017-05-07,18:20,T,89,6.0NRT,293.4,66.5
30.285,47.347,303.6,3.4,1.7,2017-05-07,18:20,T,56,6.0NRT,293.5,21.5
30.288,47.376,303.7,3.4,1.7,2017-05-07,18:20,T,32,6.0NRT,293.7,20.5
30.28,47.342,308.1,3.4,1.7,2017-05-07,18:20,T,74,6.0NRT,293.6,37.1
30.481,47.597,305.4,3.3,1.7,2017-05-07,18:20,T,64,6.0NRT,295.3,26.6
30.495,47.306,307.9,3.4,1.7,2017-05-07,18:20,T,73,6.0NRT,295.1,37.6
30.49,47.301,306.9,3.4,1.7,2017-05-07,18:20,T,70,6.0NRT,295.1,34
30.755,48.266,307.6,2.9,1.6,2017-05-07,18:20,T,72,6.0NRT,294.8,28.7
30.928,48.866,306.7,2.6,1.6,2017-05-07,18:20,T,69,6.0NRT,295,23.4
30.612,47.335,320.9,3.4,1.7,2017-05-07,18:20,T,100,6.0NRT,295.9,92.7
30.604,47.301,313.5,3.4,1.7,2017-05-07,18:20,T,87,6.0NRT,296,55.1
30.919,48.864,309.9,2.6,1.6,2017-05-07,18:20,T,79,6.0NRT,295,32.6
8.478,30.659,321.9,2.6,1.6,2017-05-07,19:50,T,100,6.0NRT,291.7,75.9
8.474,30.636,319.1,2.6,1.6,2017-05-07,19:50,T,98,6.0NRT,291.6,65.7
9.05,30.149,312,2.8,1.6,2017-05-07,19:50,T,84,6.0NRT,292.4,42.5
9.135,30.28,308.5,2.7,1.6,2017-05-07,19:50,T,75,6.0NRT,292.5,29.6
9.149,30.278,309.7,2.7,1.6,2017-05-07,19:50,T,78,6.0NRT,292.6,32.7
12.665,34.729,323.1,1.2,1.1,2017-05-07,19:50,T,100,6.0NRT,298.3,20.6
14.144,34.823,311.1,1.1,1,2017-05-07,19:55,T,82,6.0NRT,298,8.4
15.109,35.805,318.7,1,1,2017-05-07,19:55,T,97,6.0NRT,297.4,13.9
15.107,35.796,311.5,1,1,2017-05-07,19:55,T,82,6.0NRT,297.2,7.7
25.691,32.577,322.9,1.1,1,2017-05-07,19:55,T,100,6.0NRT,298,19.6
25.689,32.566,316.3,1.1,1,2017-05-07,19:55,T,93,6.0NRT,298.4,12.9
28.918,31.011,304,1.1,1.1,2017-05-07,19:55,T,58,6.0NRT,293.5,6.5
29.653,28.364,302.2,1.5,1.2,2017-05-07,19:55,T,47,6.0NRT,291.1,8.8
29.656,28.357,306.2,1.5,1.2,2017-05-07,19:55,T,67,6.0NRT,291.2,13.8
30.532,26.089,304,2,1.4,2017-05-07,19:55,T,58,6.0NRT,290.6,14.8
30.535,26.083,303,2,1.4,2017-05-07,19:55,T,53,6.0NRT,290.5,14.3
34.69,37.7,304.4,1.7,1.3,2017-05-07,20:00,T,60,6.0NRT,285.5,18
34.877,38.004,311.5,1.8,1.3,2017-05-07,20:00,T,83,6.0NRT,283,31.6
34.875,37.984,322.3,1.8,1.3,2017-05-07,20:00,T,100,6.0NRT,283,53.6
35.637,44.004,300.9,4.5,1.9,2017-05-07,20:00,T,35,6.0NRT,287.6,42.9
35.683,43.853,304.4,4.4,1.9,2017-05-07,20:00,T,60,6.0NRT,287,57.9
35.687,43.894,302.3,4.4,1.9,2017-05-07,20:00,T,48,6.0NRT,286.6,50.9
35.685,43.845,300.8,4.4,1.9,2017-05-07,20:00,T,34,6.0NRT,287.1,42.2
35.728,44.039,300.6,4.5,2,2017-05-07,20:00,T,31,6.0NRT,288.8,43.9
35.728,44.034,300.3,4.5,2,2017-05-07,20:00,T,21,6.0NRT,288.6,41.3
26.576,12.21,306.9,1.2,1.1,2017-05-07,21:35,T,70,6.0NRT,295.5,8.7
27.762,9.195,309.3,1,1,2017-05-07,21:35,T,77,6.0NRT,292,8.4
28.905,19.757,303.2,4.2,1.9,2017-05-07,21:35,T,54,6.0NRT,290.6,46.5
28.908,19.749,301.2,4.2,1.9,2017-05-07,21:35,T,38,6.0NRT,290.5,41.3
28.082,9.785,304.8,1,1,2017-05-07,21:35,T,62,6.0NRT,294.7,5.5
28.735,9.787,314.8,1,1,2017-05-07,21:35,T,90,6.0NRT,291.9,13.7
28.615,7.706,301.9,1,1,2017-05-07,21:35,T,27,6.0NRT,286.7,3.6
28.685,7.194,306.9,1,1,2017-05-07,21:35,T,70,6.0NRT,286.6,7.9
31.191,6.79,302.8,1,1,2017-05-07,21:35,T,40,6.0NRT,288.3,5.7
31.332,6.037,306.6,1.1,1,2017-05-07,21:35,T,69,6.0NRT,292.6,7.8
31.588,5.962,314.5,1.1,1,2017-05-07,21:35,T,89,6.0NRT,290.2,15.1
31.586,5.951,323.5,1.1,1,2017-05-07,21:35,T,100,6.0NRT,292,24.2
31.628,5.976,305,1.1,1,2017-05-07,21:35,T,62,6.0NRT,290.7,7.2
31.66,6.061,313.6,1.1,1,2017-05-07,21:35,T,87,6.0NRT,291.7,13.1
31.659,6.05,305.3,1.1,1,2017-05-07,21:35,T,64,6.0NRT,291.3,6.7
31.694,5.806,302.4,1.1,1,2017-05-07,21:35,T,49,6.0NRT,289.9,6
31.863,6.175,308.9,1.1,1,2017-05-07,21:35,T,76,6.0NRT,272.7,12
31.861,6.164,318.3,1.1,1,2017-05-07,21:35,T,97,6.0NRT,273.6,20.1
31.832,5.976,307.6,1.1,1,2017-05-07,21:35,T,72,6.0NRT,274.3,10.9
34.865,44.024,303.8,1.7,1.3,2017-05-07,22:35,A,41,6.0NRT,290.8,11.7
34.863,44.043,311.3,1.7,1.3,2017-05-07,22:35,A,82,6.0NRT,291.1,22.8
34.868,44.036,311.2,1.7,1.3,2017-05-07,22:35,A,82,6.0NRT,291,22.2
34.856,44.035,304.6,1.7,1.3,2017-05-07,22:35,A,61,6.0NRT,291.2,12.9
33.695,46.228,301.1,1.3,1.1,2017-05-07,22:35,A,25,6.0NRT,282,9.1
32.432,51.316,300,1.1,1,2017-05-07,22:35,A,11,6.0NRT,283.7,6.6
33.028,46.017,317.7,1.3,1.1,2017-05-07,22:35,A,80,6.0NRT,286.2,26
32.239,51.423,300.2,1.1,1,2017-05-07,22:35,A,22,6.0NRT,284.6,7.1
32.238,51.434,318.8,1.1,1,2017-05-07,22:35,A,97,6.0NRT,284.6,21.7
32.166,49.064,302.5,1,1,2017-05-07,22:35,A,50,6.0NRT,289.1,3.8
32.164,49.074,301.7,1,1,2017-05-07,22:35,A,44,6.0NRT,290.1,3.4
31.682,47.434,318,1.1,1,2017-05-07,22:35,A,96,6.0NRT,294.9,15.3
31.68,47.445,313.9,1.1,1,2017-05-07,22:35,A,88,6.0NRT,294.6,11.4
31.661,47.522,305.2,1.1,1,2017-05-07,22:35,A,63,6.0NRT,295,4.9
31.322,49.282,311.1,1,1,2017-05-07,22:35,A,82,6.0NRT,294.4,9
31.405,48.646,307.8,1,1,2017-05-07,22:35,A,73,6.0NRT,295.4,5.9
31.314,48.772,315.5,1,1,2017-05-07,22:35,A,91,6.0NRT,295.4,11.3
31.435,47.839,319.4,1,1,2017-05-07,22:35,A,98,6.0NRT,295.3,16.4
31.305,48.77,306,1,1,2017-05-07,22:35,A,66,6.0NRT,295.2,4.4
31.283,48.734,323.5,1,1,2017-05-07,22:35,A,100,6.0NRT,295.5,19.4
31.141,49.319,306.2,1,1,2017-05-07,22:35,A,67,6.0NRT,294.4,5.4
31.277,48.112,305.9,1,1,2017-05-07,22:35,A,66,6.0NRT,294,5.5
31.275,48.123,312.6,1,1,2017-05-07,22:35,A,85,6.0NRT,294.3,10.3
30.903,49.675,318.1,1,1,2017-05-07,22:35,A,96,6.0NRT,296,14.2
30.902,49.686,310.6,1,1,2017-05-07,22:35,A,80,6.0NRT,295.7,7.9
31.358,45.962,306.9,1.2,1.1,2017-05-07,22:35,A,56,6.0NRT,294.3,9.8
30.923,48.864,316.6,1,1,2017-05-07,22:35,A,93,6.0NRT,295.4,13.4
30.921,48.874,307.1,1,1,2017-05-07,22:35,A,70,6.0NRT,294.6,6.1
31.086,47.629,357.5,1,1,2017-05-07,22:35,A,100,6.0NRT,297.4,83.1
31.084,47.64,309,1,1,2017-05-07,22:35,A,54,6.0NRT,294.1,7.1
31.007,48.141,347.7,1,1,2017-05-07,22:35,A,100,6.0NRT,297.2,57.4
31.005,48.152,313.1,1,1,2017-05-07,22:35,A,86,6.0NRT,294.7,10.1
31.069,47.615,312.1,1,1,2017-05-07,22:35,A,52,6.0NRT,294.7,9.2
31.068,47.626,312,1,1,2017-05-07,22:35,A,54,6.0NRT,294.5,9.1
31.06,47.619,323.2,1,1,2017-05-07,22:35,A,100,6.0NRT,294.4,21.4
30.723,49.83,311.8,1,1,2017-05-07,22:35,A,83,6.0NRT,296.7,8.7
31.031,47.276,322.1,1.1,1,2017-05-07,22:35,A,100,6.0NRT,295.9,18.5
31.029,47.288,365.6,1.1,1,2017-05-07,22:35,A,100,6.0NRT,300.3,109.7
31.02,47.286,307.9,1.1,1,2017-05-07,22:35,A,70,6.0NRT,295.2,5.6
30.887,47.329,317.4,1.1,1,2017-05-07,22:35,A,95,6.0NRT,295.4,14.9
30.886,47.34,317.3,1.1,1,2017-05-07,22:35,A,95,6.0NRT,295.2,14.9
30.757,48.281,324.8,1,1,2017-05-07,22:35,A,100,6.0NRT,295.8,21.3
30.755,48.292,302.8,1,1,2017-05-07,22:35,A,37,6.0NRT,291.8,3.3
30.831,47.331,311.9,1.1,1,2017-05-07,22:35,A,84,6.0NRT,295.3,9.8
30.824,47.334,309.9,1.1,1,2017-05-07,22:35,A,78,6.0NRT,295.2,8.8
30.305,50.732,306.5,1.1,1,2017-05-07,22:35,A,68,6.0NRT,290.9,8
30.768,47.324,323.1,1.1,1,2017-05-07,22:35,A,100,6.0NRT,296.1,20.6
30.767,47.335,324.9,1.1,1,2017-05-07,22:35,A,100,6.0NRT,296.4,22.7
30.395,49.863,328.9,1,1,2017-05-07,22:35,A,100,6.0NRT,297.3,26.3
30.457,49.082,308.9,1,1,2017-05-07,22:35,A,76,6.0NRT,295.8,6.2
30.694,47.328,314.2,1.1,1,2017-05-07,22:35,A,89,6.0NRT,296.6,10.6
30.693,47.339,312.2,1.1,1,2017-05-07,22:35,A,84,6.0NRT,296.5,8.9
30.294,50.096,309,1,1,2017-05-07,22:35,A,76,6.0NRT,295.2,7.2
30.685,47.327,319.2,1.1,1,2017-05-07,22:35,A,98,6.0NRT,296.8,15.5
30.684,47.337,316.9,1.1,1,2017-05-07,22:35,A,94,6.0NRT,296.5,13.1
30.614,47.319,308.4,1.1,1,2017-05-07,22:35,A,72,6.0NRT,296.7,4.9
30.612,47.33,363.2,1.1,1,2017-05-07,22:35,A,100,6.0NRT,300.9,99.5
30.611,47.34,314.5,1.1,1,2017-05-07,22:35,A,89,6.0NRT,297.4,9.9
30.568,47.311,315.6,1.1,1,2017-05-07,22:35,A,91,6.0NRT,295.8,12
30.566,47.321,320.2,1.1,1,2017-05-07,22:35,A,100,6.0NRT,296.4,16.2
30.565,47.332,325.2,1.1,1,2017-05-07,22:35,A,100,6.0NRT,297,22
30.569,47.102,311.5,1.1,1,2017-05-07,22:35,A,82,6.0NRT,295.3,9.3
30.567,47.113,307.4,1.1,1,2017-05-07,22:35,A,70,6.0NRT,295.3,6.1
30.042,50.637,306.3,1.1,1,2017-05-07,22:35,A,68,6.0NRT,295.7,5.5
30.483,47.6,307,1,1,2017-05-07,22:35,A,17,6.0NRT,295.9,5.4
30.482,47.611,307.2,1,1,2017-05-07,22:35,A,40,6.0NRT,294,5.4
30.503,47.316,317.1,1.1,1,2017-05-07,22:35,A,94,6.0NRT,297.1,13.4
29.997,50.74,307,1.1,1,2017-05-07,22:35,A,70,6.0NRT,294.5,6.7
30.494,47.314,320.3,1.1,1,2017-05-07,22:35,A,100,6.0NRT,296.9,16.9
30.492,47.325,309.7,1.1,1,2017-05-07,22:35,A,77,6.0NRT,296.5,7.3
30.426,47.612,311,1,1,2017-05-07,22:35,A,81,6.0NRT,296,8.6
30.419,47.604,306.8,1,1,2017-05-07,22:35,A,68,6.0NRT,295.4,6.3
30.418,47.615,309.8,1,1,2017-05-07,22:35,A,72,6.0NRT,295.9,8.6
30.315,47.348,311.3,1.1,1,2017-05-07,22:35,A,82,6.0NRT,295.5,9
30.354,46.836,307.6,1.1,1,2017-05-07,22:35,A,72,6.0NRT,295.9,6.5
30.284,47.365,323.7,1.1,1,2017-05-07,22:35,A,100,6.0NRT,296.3,20.8
30.275,47.364,324.9,1.1,1,2017-05-07,22:35,A,100,6.0NRT,295.3,22.2
30.218,47.391,317.6,1,1,2017-05-07,22:35,A,95,6.0NRT,295.1,14.3
30.216,47.402,310.2,1,1,2017-05-07,22:35,A,79,6.0NRT,295.1,7.8
30.207,47.4,307,1,1,2017-05-07,22:35,A,70,6.0NRT,294.6,6.1
30.169,47.41,304.5,1,1,2017-05-07,22:35,A,60,6.0NRT,294.3,4.6
30.168,47.421,310.3,1,1,2017-05-07,22:35,A,80,6.0NRT,295,8.7
31.83,5.965,317.8,1.1,1,2017-05-07,21:35,T,96,6.0NRT,280.1,19.4
32.138,6.467,309.5,1,1,2017-05-07,21:35,T,77,6.0NRT,294.1,9.8
-7.668,14.655,305,1.1,1.1,2017-05-07,21:25,T,63,6.0NRT,291.6,7.3
-7.848,12.11,332,1.6,1.3,2017-05-07,21:25,T,100,6.0NRT,293.1,61.1
-7.847,12.118,319.2,1.6,1.2,2017-05-07,21:25,T,98,6.0NRT,293,31.4
-7.849,12.103,322.6,1.6,1.3,2017-05-07,21:25,T,100,6.0NRT,292.9,38.7
-6.323,11.269,306.4,1.8,1.3,2017-05-07,21:25,T,45,6.0NRT,292.2,12.7
-6.072,11.36,309.3,1.7,1.3,2017-05-07,21:25,T,66,6.0NRT,292,16.3
-5.675,11.928,312.5,1.5,1.2,2017-05-07,21:25,T,79,6.0NRT,285.1,20.2
-5.674,11.922,309.7,1.5,1.2,2017-05-07,21:25,T,67,6.0NRT,284.2,16.2
-0.484,15.436,316.9,1,1,2017-05-07,21:25,T,94,6.0NRT,291.9,14.1
3.467,5.548,311.7,3.4,1.7,2017-05-07,21:30,T,76,6.0NRT,282.5,68.7
3.462,5.542,306.4,3.4,1.7,2017-05-07,21:30,T,45,6.0NRT,283.2,45.8
3.991,7.288,310.1,2.5,1.5,2017-05-07,21:30,T,69,6.0NRT,290.6,27.4
4.147,7.968,305.3,2.2,1.4,2017-05-07,21:30,T,25,6.0NRT,291,12
5.387,6.652,300.3,2.6,1.6,2017-05-07,21:30,T,24,6.0NRT,286,12
5.661,6.513,301.7,2.6,1.6,2017-05-07,21:30,T,44,6.0NRT,286.2,16.8
5.68,6.364,302.6,2.7,1.6,2017-05-07,21:30,T,45,6.0NRT,279,26.6
5.359,4.336,306.3,4,1.9,2017-05-07,21:30,T,44,6.0NRT,289.1,39.1
5.684,6.358,306.1,2.7,1.6,2017-05-07,21:30,T,43,6.0NRT,280.1,33.3
5.364,4.33,305.4,4,1.9,2017-05-07,21:30,T,28,6.0NRT,289,35.6
9.63,11.959,310,1,1,2017-05-07,21:30,T,79,6.0NRT,294,7.6
9.628,11.95,317.6,1,1,2017-05-07,21:30,T,95,6.0NRT,294,13.8
9.957,13.732,302.2,1,1,2017-05-07,21:30,T,32,6.0NRT,278.5,4.3
11.965,15.084,310.4,1.2,1.1,2017-05-07,21:30,T,74,6.0NRT,296.2,9
36.792,7.68,307.6,1,1,2017-05-07,21:40,T,72,6.0NRT,286.3,10.6
35.815,-0.277,300,1.9,1.3,2017-05-07,21:40,T,8,6.0NRT,287.9,12.2
11.34,-14.621,308.4,1.2,1.1,2017-05-07,23:10,T,74,6.0NRT,275,11.2
11.374,-14.594,302.4,1.2,1.1,2017-05-07,23:10,T,49,6.0NRT,275.5,5.8
11.418,-14.585,303.2,1.2,1.1,2017-05-07,23:10,T,54,6.0NRT,277.1,6.5
11.477,-14.649,302.4,1.2,1.1,2017-05-07,23:10,T,49,6.0NRT,280.8,4.9
12.832,-13.585,313.4,1,1,2017-05-07,23:10,T,85,6.0NRT,289.3,9.2
13.026,-14.146,307.3,1.1,1,2017-05-07,23:10,T,58,6.0NRT,293.9,4.9
13.024,-14.156,310.1,1.1,1,2017-05-07,23:10,T,72,6.0NRT,293.5,7
13.032,-14.154,311.1,1.1,1,2017-05-07,23:10,T,75,6.0NRT,294.2,7.7
13.739,-10.131,310.3,1.2,1.1,2017-05-07,23:10,T,69,6.0NRT,298.7,5.5
13.158,-14.24,312.7,1.1,1,2017-05-07,23:10,T,81,6.0NRT,295.7,8.4
13.157,-14.25,311.1,1.1,1,2017-05-07,23:10,T,76,6.0NRT,295.6,7.1
13.75,-10.122,312.2,1.2,1.1,2017-05-07,23:10,T,77,6.0NRT,298.4,7.5
13.163,-14.565,311,1.1,1.1,2017-05-07,23:10,T,75,6.0NRT,296.2,7.6
13.176,-14.547,308.6,1.1,1.1,2017-05-07,23:10,T,65,6.0NRT,296.4,5.9
13.496,-12.815,316.1,1,1,2017-05-07,23:10,T,88,6.0NRT,296,8.2
13.495,-12.824,318.4,1,1,2017-05-07,23:10,T,95,6.0NRT,296.1,10.4
13.504,-12.832,314.4,1,1,2017-05-07,23:10,T,54,6.0NRT,294.4,6.7
13.516,-12.806,323.1,1,1,2017-05-07,23:10,T,100,6.0NRT,296.4,15
13.523,-12.825,314.4,1,1,2017-05-07,23:10,T,43,6.0NRT,296.2,6.5
13.521,-12.834,315.5,1,1,2017-05-07,23:10,T,76,6.0NRT,296,7.9
35.728,44.04,316.2,1.8,1.3,2017-05-07,22:35,A,93,6.0NRT,289.4,36
35.726,44.06,302.1,1.8,1.3,2017-05-07,22:35,A,47,6.0NRT,289.1,12.7
35.684,43.872,319.3,1.8,1.3,2017-05-07,22:35,A,98,6.0NRT,288.4,43.2
35.682,43.892,313.1,1.8,1.3,2017-05-07,22:35,A,86,6.0NRT,288.1,30.5
35.689,43.867,307.4,1.8,1.3,2017-05-07,22:35,A,71,6.0NRT,288.1,21.4
35.687,43.888,320.3,1.8,1.3,2017-05-07,22:35,A,100,6.0NRT,289,46.6
35.628,44,303.7,1.8,1.3,2017-05-07,22:35,A,57,6.0NRT,288.2,16.1
35.627,44.02,312,1.8,1.3,2017-05-07,22:35,A,84,6.0NRT,289,28.6
34.891,43.87,308.3,1.8,1.3,2017-05-07,22:35,A,74,6.0NRT,291.2,20
